GAME_ID,EVENTNUM,EVENTMSGTYPE,EVENTMSGACTIONTYPE,PERIOD,WCTIMESTRING,PCTIMESTRING,HOMEDESCRIPTION,NEUTRALDESCRIPTION,VISITORDESCRIPTION,SCORE,SCOREMARGIN,PERSON1TYPE,PLAYER1_ID,PLAYER1_NAME,PLAYER1_TEAM_ID,PLAYER1_TEAM_CITY,PLAYER1_TEAM_NICKNAME,PLAYER1_TEAM_ABBREVIATION,PERSON2TYPE,PLAYER2_ID,PLAYER2_NAME,PLAYER2_TEAM_ID,PLAYER2_TEAM_CITY,PLAYER2_TEAM_NICKNAME,PLAYER2_TEAM_ABBREVIATION,PERSON3TYPE,PLAYER3_ID,PLAYER3_NAME,PLAYER3_TEAM_ID,PLAYER3_TEAM_CITY,PLAYER3_TEAM_NICKNAME,PLAYER3_TEAM_ABBREVIATION,DISTANCE
21500418,0,12,0,1,10:41 PM,12:00,NA,NA,NA,NA,NA,0,0,NA,NA,NA,NA,NA,0,0,NA,NA,NA,NA,NA,0,0,NA,NA,NA,NA,NA,5
21500418,1,10,0,1,10:41 PM,12:00,Jump Ball Jordan vs. Adams: Tip to Westbrook,NA,NA,NA,NA,4,201599,DeAndre Jordan,1610612746,LA,Clippers,LAC,5,203500,Steven Adams,1610612760,Oklahoma City,Thunder,OKC,5,201566,Russell Westbrook,1610612760,Oklahoma City,Thunder,OKC,8
21500418,2,2,52,1,10:42 PM,11:42,NA,NA,MISS Adams  Alley Oop Dunk,NA,NA,5,203500,Steven Adams,1610612760,Oklahoma City,Thunder,OKC,0,0,NA,NA,NA,NA,NA,0,0,NA,NA,NA,NA,NA,11
21500418,3,4,0,1,10:42 PM,11:41,Paul REBOUND (Off:0 Def:1),NA,NA,NA,NA,4,101108,Chris Paul,1610612746,LA,Clippers,LAC,0,0,NA,NA,NA,NA,NA,0,0,NA,NA,NA,NA,NA,14
21500418,4,2,1,1,10:42 PM,11:32,MISS Paul 11' Jump Shot,NA,NA,NA,NA,4,101108,Chris Paul,1610612746,LA,Clippers,LAC,0,0,NA,NA,NA,NA,NA,0,0,NA,NA,NA,NA,NA,17
21500418,5,4,0,1,10:42 PM,11:29,NA,NA,Adams REBOUND (Off:0 Def:1),NA,NA,5,203500,Steven Adams,1610612760,Oklahoma City,Thunder,OKC,0,0,NA,NA,NA,NA,NA,0,0,NA,NA,NA,NA,NA,20
21500418,6,2,1,1,10:42 PM,11:23,NA,NA,MISS Ibaka 19' Jump Shot,NA,NA,5,201586,Serge Ibaka,1610612760,Oklahoma City,Thunder,OKC,0,0,NA,NA,NA,NA,NA,0,0,NA,NA,NA,NA,NA,23
21500418,7,4,0,1,10:42 PM,11:20,NA,NA,Adams REBOUND (Off:1 Def:1),NA,NA,5,203500,Steven Adams,1610612760,Oklahoma City,Thunder,OKC,0,0,NA,NA,NA,NA,NA,0,0,NA,NA,NA,NA,NA,26
21500418,9,2,1,1,10:43 PM,11:11,NA,NA,MISS Durant 26' 3PT Jump Shot,NA,NA,5,201142,Kevin Durant,1610612760,Oklahoma City,Thunder,OKC,0,0,NA,NA,NA,NA,NA,0,0,NA,NA,NA,NA,NA,29
21500418,10,4,0,1,10:43 PM,11:11,Redick REBOUND (Off:0 Def:1),NA,NA,NA,NA,4,200755,JJ Redick,1610612746,LA,Clippers,LAC,0,0,NA,NA,NA,NA,NA,0,0,NA,NA,NA,NA,NA,5
21500418,11,5,1,1,10:43 PM,11:06,Redick Bad Pass Turnover (P1.T1),NA,Roberson STEAL (1 STL),NA,NA,4,200755,JJ Redick,1610612746,LA,Clippers,LAC,5,203460,Andre Roberson,1610612760,Oklahoma City,Thunder,OKC,0,0,NA,NA,NA,NA,NA,8
21500418,12,1,49,1,10:43 PM,11:01,NA,NA,Roberson  Driving Dunk (2 PTS),Feb-00,-2,5,203460,Andre Roberson,1610612760,Oklahoma City,Thunder,OKC,0,0,NA,NA,NA,NA,NA,0,0,NA,NA,NA,NA,NA,11
21500418,13,2,1,1,10:43 PM,10:49,MISS Redick 20' Jump Shot,NA,NA,NA,NA,4,200755,JJ Redick,1610612746,LA,Clippers,LAC,0,0,NA,NA,NA,NA,NA,0,0,NA,NA,NA,NA,NA,14
21500418,14,4,0,1,10:43 PM,10:49,NA,NA,Adams REBOUND (Off:1 Def:2),NA,NA,5,203500,Steven Adams,1610612760,Oklahoma City,Thunder,OKC,0,0,NA,NA,NA,NA,NA,0,0,NA,NA,NA,NA,NA,17
21500418,15,2,42,1,10:43 PM,10:37,NA,NA,MISS Adams 1' Driving Layup,NA,NA,5,203500,Steven Adams,1610612760,Oklahoma City,Thunder,OKC,0,0,NA,NA,NA,NA,NA,0,0,NA,NA,NA,NA,NA,20
21500418,16,4,0,1,10:43 PM,10:37,NA,NA,Thunder Rebound,NA,NA,3,1610612760,NA,NA,NA,NA,NA,0,0,NA,NA,NA,NA,NA,0,0,NA,NA,NA,NA,NA,23
21500418,17,2,1,1,10:44 PM,10:24,NA,NA,MISS Durant 25' 3PT Jump Shot,NA,NA,5,201142,Kevin Durant,1610612760,Oklahoma City,Thunder,OKC,0,0,NA,NA,NA,NA,NA,0,0,NA,NA,NA,NA,NA,26
21500418,18,4,0,1,10:44 PM,10:24,Jordan REBOUND (Off:0 Def:1),NA,NA,NA,NA,4,201599,DeAndre Jordan,1610612746,LA,Clippers,LAC,0,0,NA,NA,NA,NA,NA,0,0,NA,NA,NA,NA,NA,29
21500418,19,6,17,1,10:44 PM,10:14,NA,NA,Thunder T.Foul (Def. 3 Sec Ibaka ) (J.Goble),NA,NA,5,201586,Serge Ibaka,1610612760,Oklahoma City,Thunder,OKC,0,0,NA,NA,NA,NA,NA,1,0,NA,NA,NA,NA,NA,5
21500418,20,3,16,1,10:44 PM,10:14,Paul Free Throw Technical (1 PTS),NA,NA,1-Feb,-1,4,101108,Chris Paul,1610612746,LA,Clippers,LAC,0,0,NA,NA,NA,NA,NA,0,0,NA,NA,NA,NA,NA,8
21500418,22,2,1,1,10:44 PM,10:09,MISS Redick 24' 3PT Jump Shot,NA,NA,NA,NA,4,200755,JJ Redick,1610612746,LA,Clippers,LAC,0,0,NA,NA,NA,NA,NA,0,0,NA,NA,NA,NA,NA,11
21500418,23,4,0,1,10:44 PM,10:08,Paul REBOUND (Off:1 Def:1),NA,NA,NA,NA,4,101108,Chris Paul,1610612746,LA,Clippers,LAC,0,0,NA,NA,NA,NA,NA,0,0,NA,NA,NA,NA,NA,14
21500418,24,2,1,1,10:44 PM,10:02,MISS Paul 9' Jump Shot,NA,NA,NA,NA,4,101108,Chris Paul,1610612746,LA,Clippers,LAC,0,0,NA,NA,NA,NA,NA,0,0,NA,NA,NA,NA,NA,17
21500418,25,4,0,1,10:44 PM,10:02,CLIPPERS Rebound,NA,NA,NA,NA,2,1610612746,NA,NA,NA,NA,NA,0,0,NA,NA,NA,NA,NA,0,0,NA,NA,NA,NA,NA,20
21500418,26,6,3,1,10:44 PM,10:02,NA,NA,Adams L.B.FOUL (P1.T1) (R.Garretson),NA,NA,5,203500,Steven Adams,1610612760,Oklahoma City,Thunder,OKC,4,201599,DeAndre Jordan,1610612746,LA,Clippers,LAC,1,0,NA,NA,NA,NA,NA,23
21500418,27,1,1,1,10:45 PM,9:50,Redick 25' 3PT Jump Shot (3 PTS) (Paul 1 AST),NA,NA,4-Feb,2,4,200755,JJ Redick,1610612746,LA,Clippers,LAC,4,101108,Chris Paul,1610612746,LA,Clippers,LAC,0,0,NA,NA,NA,NA,NA,26
21500418,28,1,1,1,10:45 PM,9:30,NA,NA,Ibaka 19' Jump Shot (2 PTS) (Durant 1 AST),4-Apr,TIE,5,201586,Serge Ibaka,1610612760,Oklahoma City,Thunder,OKC,5,201142,Kevin Durant,1610612760,Oklahoma City,Thunder,OKC,0,0,NA,NA,NA,NA,NA,5
21500418,29,1,108,1,10:45 PM,9:12,Jordan  Cutting Dunk Shot (2 PTS) (Redick 1 AST),NA,NA,6-Apr,2,4,201599,DeAndre Jordan,1610612746,LA,Clippers,LAC,4,200755,JJ Redick,1610612746,LA,Clippers,LAC,0,0,NA,NA,NA,NA,NA,8
21500418,32,7,2,1,10:46 PM,8:56,Jordan Violation:Defensive Goaltending (J.Goble),NA,NA,NA,NA,4,201599,DeAndre Jordan,1610612746,LA,Clippers,LAC,0,0,NA,NA,NA,NA,NA,1,0,NA,NA,NA,NA,NA,11
21500418,31,1,1,1,10:46 PM,8:56,NA,NA,Westbrook 11' Jump Shot (2 PTS),6-Jun,TIE,5,201566,Russell Westbrook,1610612760,Oklahoma City,Thunder,OKC,0,0,NA,NA,NA,NA,NA,0,0,NA,NA,NA,NA,NA,14
21500418,33,2,1,1,10:46 PM,8:42,MISS Griffin 18' Jump Shot,NA,NA,NA,NA,4,201933,Blake Griffin,1610612746,LA,Clippers,LAC,0,0,NA,NA,NA,NA,NA,0,0,NA,NA,NA,NA,NA,17
21500418,34,4,0,1,10:46 PM,8:42,NA,NA,Durant REBOUND (Off:0 Def:1),NA,NA,5,201142,Kevin Durant,1610612760,Oklahoma City,Thunder,OKC,0,0,NA,NA,NA,NA,NA,0,0,NA,NA,NA,NA,NA,20
21500418,36,1,1,1,10:46 PM,8:26,NA,NA,Durant 11' Jump Shot (2 PTS),6-Aug,-2,5,201142,Kevin Durant,1610612760,Oklahoma City,Thunder,OKC,0,0,NA,NA,NA,NA,NA,0,0,NA,NA,NA,NA,NA,23
21500418,37,2,3,1,10:47 PM,8:07,MISS Griffin 5' Hook Shot,NA,NA,NA,NA,4,201933,Blake Griffin,1610612746,LA,Clippers,LAC,0,0,NA,NA,NA,NA,NA,0,0,NA,NA,NA,NA,NA,26
21500418,38,4,0,1,10:47 PM,8:05,Mbah a Moute REBOUND (Off:1 Def:0),NA,NA,NA,NA,4,201601,Luc Mbah a Moute,1610612746,LA,Clippers,LAC,0,0,NA,NA,NA,NA,NA,0,0,NA,NA,NA,NA,NA,29
21500418,39,5,1,1,10:47 PM,7:56,Paul Bad Pass Turnover (P1.T2),NA,Ibaka STEAL (1 STL),NA,NA,4,101108,Chris Paul,1610612746,LA,Clippers,LAC,5,201586,Serge Ibaka,1610612760,Oklahoma City,Thunder,OKC,0,0,NA,NA,NA,NA,NA,5
21500418,40,2,5,1,10:47 PM,7:50,NA,NA,MISS Westbrook 1' Layup,NA,NA,5,201566,Russell Westbrook,1610612760,Oklahoma City,Thunder,OKC,0,0,NA,NA,NA,NA,NA,0,0,NA,NA,NA,NA,NA,8
21500418,41,4,0,1,10:47 PM,7:50,Griffin REBOUND (Off:0 Def:1),NA,NA,NA,NA,4,201933,Blake Griffin,1610612746,LA,Clippers,LAC,0,0,NA,NA,NA,NA,NA,0,0,NA,NA,NA,NA,NA,11
21500418,42,6,1,1,10:47 PM,7:50,NA,NA,Westbrook P.FOUL (P1.T2) (N.Buchert),NA,NA,5,201566,Russell Westbrook,1610612760,Oklahoma City,Thunder,OKC,4,201933,Blake Griffin,1610612746,LA,Clippers,LAC,1,0,NA,NA,NA,NA,NA,14
21500418,43,1,1,1,10:48 PM,7:35,Redick 19' Jump Shot (5 PTS) (Paul 2 AST),NA,NA,8-Aug,TIE,4,200755,JJ Redick,1610612746,LA,Clippers,LAC,4,101108,Chris Paul,1610612746,LA,Clippers,LAC,0,0,NA,NA,NA,NA,NA,17
21500418,44,2,63,1,10:48 PM,7:14,NA,NA,MISS Durant 9' Fadeaway Jumper,NA,NA,5,201142,Kevin Durant,1610612760,Oklahoma City,Thunder,OKC,0,0,NA,NA,NA,NA,NA,0,0,NA,NA,NA,NA,NA,20
21500418,45,4,0,1,10:48 PM,7:13,Redick REBOUND (Off:0 Def:2),NA,NA,NA,NA,4,200755,JJ Redick,1610612746,LA,Clippers,LAC,0,0,NA,NA,NA,NA,NA,0,0,NA,NA,NA,NA,NA,23
21500418,46,1,42,1,10:48 PM,7:05,Mbah a Moute 3' Driving Layup (2 PTS) (Paul 3 AST),NA,NA,10-Aug,2,4,201601,Luc Mbah a Moute,1610612746,LA,Clippers,LAC,4,101108,Chris Paul,1610612746,LA,Clippers,LAC,0,0,NA,NA,NA,NA,NA,26
21500418,47,2,1,1,10:49 PM,6:45,NA,NA,MISS Westbrook 17' Jump Shot,NA,NA,5,201566,Russell Westbrook,1610612760,Oklahoma City,Thunder,OKC,0,0,NA,NA,NA,NA,NA,0,0,NA,NA,NA,NA,NA,29
21500418,48,4,0,1,10:49 PM,6:44,Redick REBOUND (Off:0 Def:3),NA,NA,NA,NA,4,200755,JJ Redick,1610612746,LA,Clippers,LAC,0,0,NA,NA,NA,NA,NA,0,0,NA,NA,NA,NA,NA,5
21500418,49,1,80,1,10:49 PM,6:35,Paul 7' Step Back Jump Shot (3 PTS),NA,NA,12-Aug,4,4,101108,Chris Paul,1610612746,LA,Clippers,LAC,0,0,NA,NA,NA,NA,NA,0,0,NA,NA,NA,NA,NA,8
21500418,50,1,1,1,10:49 PM,6:20,NA,NA,Ibaka 20' Jump Shot (4 PTS) (Westbrook 1 AST),12-Oct,2,5,201586,Serge Ibaka,1610612760,Oklahoma City,Thunder,OKC,5,201566,Russell Westbrook,1610612760,Oklahoma City,Thunder,OKC,0,0,NA,NA,NA,NA,NA,11
21500418,51,2,1,1,10:49 PM,6:05,MISS Redick 26' 3PT Jump Shot,NA,NA,NA,NA,4,200755,JJ Redick,1610612746,LA,Clippers,LAC,0,0,NA,NA,NA,NA,NA,0,0,NA,NA,NA,NA,NA,14
21500418,52,4,0,1,10:49 PM,6:04,NA,NA,Durant REBOUND (Off:0 Def:2),NA,NA,5,201142,Kevin Durant,1610612760,Oklahoma City,Thunder,OKC,0,0,NA,NA,NA,NA,NA,0,0,NA,NA,NA,NA,NA,17
21500418,53,2,1,1,10:49 PM,5:50,NA,NA,MISS Westbrook 20' Jump Shot,NA,NA,5,201566,Russell Westbrook,1610612760,Oklahoma City,Thunder,OKC,0,0,NA,NA,NA,NA,NA,0,0,NA,NA,NA,NA,NA,20
21500418,54,4,0,1,10:49 PM,5:49,Jordan REBOUND (Off:0 Def:2),NA,NA,NA,NA,4,201599,DeAndre Jordan,1610612746,LA,Clippers,LAC,0,0,NA,NA,NA,NA,NA,0,0,NA,NA,NA,NA,NA,23
21500418,55,1,1,1,10:50 PM,5:27,Paul 25' 3PT Jump Shot (6 PTS) (Griffin 1 AST),NA,NA,15-Oct,5,4,101108,Chris Paul,1610612746,LA,Clippers,LAC,4,201933,Blake Griffin,1610612746,LA,Clippers,LAC,0,0,NA,NA,NA,NA,NA,26
21500418,56,9,1,1,10:50 PM,5:20,NA,NA,Thunder Timeout: Regular (Reg.1 Short 0),NA,NA,3,1610612760,NA,NA,NA,NA,NA,0,0,NA,NA,NA,NA,NA,0,0,NA,NA,NA,NA,NA,5
21500418,58,8,0,1,10:52 PM,5:20,NA,NA,SUB: Waiters FOR Roberson,NA,NA,5,203460,Andre Roberson,1610612760,Oklahoma City,Thunder,OKC,5,203079,Dion Waiters,1610612760,Oklahoma City,Thunder,OKC,0,0,NA,NA,NA,NA,NA,8
21500418,59,8,0,1,10:52 PM,5:20,NA,NA,SUB: Kanter FOR Adams,NA,NA,5,203500,Steven Adams,1610612760,Oklahoma City,Thunder,OKC,5,202683,Enes Kanter,1610612760,Oklahoma City,Thunder,OKC,0,0,NA,NA,NA,NA,NA,11
21500418,60,2,1,1,10:53 PM,5:04,NA,NA,MISS Kanter 17' Jump Shot,NA,NA,5,202683,Enes Kanter,1610612760,Oklahoma City,Thunder,OKC,0,0,NA,NA,NA,NA,NA,0,0,NA,NA,NA,NA,NA,14
21500418,61,4,0,1,10:53 PM,5:04,Griffin REBOUND (Off:0 Def:2),NA,NA,NA,NA,4,201933,Blake Griffin,1610612746,LA,Clippers,LAC,0,0,NA,NA,NA,NA,NA,0,0,NA,NA,NA,NA,NA,17
21500418,62,2,5,1,10:53 PM,4:43,MISS Mbah a Moute 1' Layup,NA,NA,NA,NA,4,201601,Luc Mbah a Moute,1610612746,LA,Clippers,LAC,0,0,NA,NA,NA,NA,NA,0,0,NA,NA,NA,NA,NA,20
21500418,63,4,0,1,10:53 PM,4:43,NA,NA,Kanter REBOUND (Off:0 Def:1),NA,NA,5,202683,Enes Kanter,1610612760,Oklahoma City,Thunder,OKC,0,0,NA,NA,NA,NA,NA,0,0,NA,NA,NA,NA,NA,23
21500418,64,6,2,1,10:53 PM,4:39,Griffin S.FOUL (P1.T1) (R.Garretson),NA,NA,NA,NA,4,201933,Blake Griffin,1610612746,LA,Clippers,LAC,5,201586,Serge Ibaka,1610612760,Oklahoma City,Thunder,OKC,1,0,NA,NA,NA,NA,NA,26
21500418,65,3,11,1,10:53 PM,4:39,NA,NA,Ibaka Free Throw 1 of 2 (5 PTS),15-Nov,4,5,201586,Serge Ibaka,1610612760,Oklahoma City,Thunder,OKC,0,0,NA,NA,NA,NA,NA,0,0,NA,NA,NA,NA,NA,29
21500418,67,3,12,1,10:54 PM,4:39,NA,NA,MISS Ibaka Free Throw 2 of 2,NA,NA,5,201586,Serge Ibaka,1610612760,Oklahoma City,Thunder,OKC,0,0,NA,NA,NA,NA,NA,0,0,NA,NA,NA,NA,NA,5
21500418,69,4,0,1,10:54 PM,4:38,Mbah a Moute REBOUND (Off:1 Def:1),NA,NA,NA,NA,4,201601,Luc Mbah a Moute,1610612746,LA,Clippers,LAC,0,0,NA,NA,NA,NA,NA,0,0,NA,NA,NA,NA,NA,8
21500418,70,1,7,1,10:54 PM,4:19,Jordan  Dunk (4 PTS) (Paul 4 AST),NA,NA,17-Nov,6,4,201599,DeAndre Jordan,1610612746,LA,Clippers,LAC,4,101108,Chris Paul,1610612746,LA,Clippers,LAC,0,0,NA,NA,NA,NA,NA,11
21500418,72,1,7,1,10:55 PM,3:55,NA,NA,Ibaka  Dunk (7 PTS) (Waiters 1 AST),13 - 17,4,5,201586,Serge Ibaka,1610612760,Oklahoma City,Thunder,OKC,5,203079,Dion Waiters,1610612760,Oklahoma City,Thunder,OKC,0,0,NA,NA,NA,NA,NA,14
21500418,73,1,108,1,10:55 PM,3:38,Jordan  Cutting Dunk Shot (6 PTS) (Griffin 2 AST),NA,NA,13 - 19,6,4,201599,DeAndre Jordan,1610612746,LA,Clippers,LAC,4,201933,Blake Griffin,1610612746,LA,Clippers,LAC,0,0,NA,NA,NA,NA,NA,17
21500418,74,1,1,1,10:55 PM,3:19,NA,NA,Durant 24' 3PT Jump Shot (5 PTS) (Westbrook 2 AST),16 - 19,3,5,201142,Kevin Durant,1610612760,Oklahoma City,Thunder,OKC,5,201566,Russell Westbrook,1610612760,Oklahoma City,Thunder,OKC,0,0,NA,NA,NA,NA,NA,20
21500418,75,2,1,1,10:56 PM,3:04,MISS Redick 25' 3PT Jump Shot,NA,NA,NA,NA,4,200755,JJ Redick,1610612746,LA,Clippers,LAC,0,0,NA,NA,NA,NA,NA,0,0,NA,NA,NA,NA,NA,23
21500418,76,4,0,1,10:56 PM,3:03,NA,NA,Ibaka REBOUND (Off:0 Def:1),NA,NA,5,201586,Serge Ibaka,1610612760,Oklahoma City,Thunder,OKC,0,0,NA,NA,NA,NA,NA,0,0,NA,NA,NA,NA,NA,26
21500418,77,6,2,1,10:56 PM,2:59,Paul S.FOUL (P1.T2) (J.Goble),NA,NA,NA,NA,4,101108,Chris Paul,1610612746,LA,Clippers,LAC,5,201566,Russell Westbrook,1610612760,Oklahoma City,Thunder,OKC,1,0,NA,NA,NA,NA,NA,29
21500418,78,9,1,1,10:56 PM,2:59,CLIPPERS Timeout: Regular (Full 1 Short 0),NA,NA,NA,NA,2,1610612746,NA,NA,NA,NA,NA,0,0,NA,NA,NA,NA,NA,0,0,NA,NA,NA,NA,NA,5
21500418,80,8,0,1,10:58 PM,2:59,SUB: Crawford FOR Redick,NA,NA,NA,NA,4,200755,JJ Redick,1610612746,LA,Clippers,LAC,4,2037,Jamal Crawford,1610612746,LA,Clippers,LAC,0,0,NA,NA,NA,NA,NA,8
21500418,81,3,11,1,10:58 PM,2:59,NA,NA,Westbrook Free Throw 1 of 2 (3 PTS),17 - 19,2,5,201566,Russell Westbrook,1610612760,Oklahoma City,Thunder,OKC,0,0,NA,NA,NA,NA,NA,0,0,NA,NA,NA,NA,NA,11
21500418,83,3,12,1,10:59 PM,2:59,NA,NA,Westbrook Free Throw 2 of 2 (4 PTS),18 - 19,1,5,201566,Russell Westbrook,1610612760,Oklahoma City,Thunder,OKC,0,0,NA,NA,NA,NA,NA,0,0,NA,NA,NA,NA,NA,14
21500418,85,6,17,1,10:59 PM,2:48,NA,NA,Thunder T.Foul (Def. 3 Sec Kanter ) (N.Buchert),NA,NA,5,202683,Enes Kanter,1610612760,Oklahoma City,Thunder,OKC,0,0,NA,NA,NA,NA,NA,1,0,NA,NA,NA,NA,NA,17
21500418,86,3,16,1,10:59 PM,2:48,Paul Free Throw Technical (7 PTS),NA,NA,18 - 20,2,4,101108,Chris Paul,1610612746,LA,Clippers,LAC,0,0,NA,NA,NA,NA,NA,0,0,NA,NA,NA,NA,NA,20
21500418,88,8,0,1,11:00 PM,2:48,SUB: Aldrich FOR Jordan,NA,NA,NA,NA,4,201599,DeAndre Jordan,1610612746,LA,Clippers,LAC,4,202332,Cole Aldrich,1610612746,LA,Clippers,LAC,0,0,NA,NA,NA,NA,NA,23
21500418,89,8,0,1,11:00 PM,2:48,NA,NA,SUB: Augustin FOR Westbrook,NA,NA,5,201566,Russell Westbrook,1610612760,Oklahoma City,Thunder,OKC,5,201571,D.J. Augustin,1610612760,Oklahoma City,Thunder,OKC,0,0,NA,NA,NA,NA,NA,26
21500418,90,2,86,1,11:00 PM,2:35,MISS Paul 10' Turnaround Fadeaway Shot,NA,NA,NA,NA,4,101108,Chris Paul,1610612746,LA,Clippers,LAC,0,0,NA,NA,NA,NA,NA,0,0,NA,NA,NA,NA,NA,5
21500418,91,4,0,1,11:00 PM,2:35,NA,NA,Ibaka REBOUND (Off:0 Def:2),NA,NA,5,201586,Serge Ibaka,1610612760,Oklahoma City,Thunder,OKC,0,0,NA,NA,NA,NA,NA,0,0,NA,NA,NA,NA,NA,8
21500418,92,5,2,1,11:00 PM,2:25,Aldrich STEAL (1 STL),NA,Durant Lost Ball Turnover (P1.T1),NA,NA,5,201142,Kevin Durant,1610612760,Oklahoma City,Thunder,OKC,4,202332,Cole Aldrich,1610612746,LA,Clippers,LAC,0,0,NA,NA,NA,NA,NA,11
21500418,93,6,2,1,11:00 PM,2:23,NA,NA,Ibaka S.FOUL (P1.T3) (R.Garretson),NA,NA,5,201586,Serge Ibaka,1610612760,Oklahoma City,Thunder,OKC,4,101108,Chris Paul,1610612746,LA,Clippers,LAC,1,0,NA,NA,NA,NA,NA,14
21500418,94,3,11,1,11:01 PM,2:23,Paul Free Throw 1 of 2 (8 PTS),NA,NA,18 - 21,3,4,101108,Chris Paul,1610612746,LA,Clippers,LAC,0,0,NA,NA,NA,NA,NA,0,0,NA,NA,NA,NA,NA,17
21500418,96,3,12,1,11:01 PM,2:23,Paul Free Throw 2 of 2 (9 PTS),NA,NA,18 - 22,4,4,101108,Chris Paul,1610612746,LA,Clippers,LAC,0,0,NA,NA,NA,NA,NA,0,0,NA,NA,NA,NA,NA,20
21500418,98,2,5,1,11:01 PM,2:00,NA,NA,MISS Ibaka 1' Layup,NA,NA,5,201586,Serge Ibaka,1610612760,Oklahoma City,Thunder,OKC,0,0,NA,NA,NA,NA,NA,0,0,NA,NA,NA,NA,NA,23
21500418,99,4,0,1,11:01 PM,2:00,Aldrich REBOUND (Off:0 Def:1),NA,NA,NA,NA,4,202332,Cole Aldrich,1610612746,LA,Clippers,LAC,0,0,NA,NA,NA,NA,NA,0,0,NA,NA,NA,NA,NA,26
21500418,100,2,1,1,11:02 PM,1:47,MISS Griffin 15' Jump Shot,NA,NA,NA,NA,4,201933,Blake Griffin,1610612746,LA,Clippers,LAC,0,0,NA,NA,NA,NA,NA,0,0,NA,NA,NA,NA,NA,29
21500418,101,4,0,1,11:02 PM,1:46,NA,NA,Ibaka REBOUND (Off:0 Def:3),NA,NA,5,201586,Serge Ibaka,1610612760,Oklahoma City,Thunder,OKC,0,0,NA,NA,NA,NA,NA,0,0,NA,NA,NA,NA,NA,5
21500418,102,2,1,1,11:02 PM,1:37,NA,NA,MISS Durant 14' Jump Shot,NA,NA,5,201142,Kevin Durant,1610612760,Oklahoma City,Thunder,OKC,0,0,NA,NA,NA,NA,NA,0,0,NA,NA,NA,NA,NA,8
21500418,103,4,0,1,11:02 PM,1:36,Aldrich REBOUND (Off:0 Def:2),NA,NA,NA,NA,4,202332,Cole Aldrich,1610612746,LA,Clippers,LAC,0,0,NA,NA,NA,NA,NA,0,0,NA,NA,NA,NA,NA,11
21500418,104,1,1,1,11:02 PM,1:20,Paul 25' 3PT Jump Shot (12 PTS),NA,NA,18 - 25,7,4,101108,Chris Paul,1610612746,LA,Clippers,LAC,0,0,NA,NA,NA,NA,NA,0,0,NA,NA,NA,NA,NA,14
21500418,105,1,1,1,11:03 PM,0:51,NA,NA,Waiters 25' 3PT Jump Shot (3 PTS),21 - 25,4,5,203079,Dion Waiters,1610612760,Oklahoma City,Thunder,OKC,0,0,NA,NA,NA,NA,NA,0,0,NA,NA,NA,NA,NA,17
21500418,106,2,5,1,11:03 PM,0:47,MISS Griffin 2' Layup,NA,NA,NA,NA,4,201933,Blake Griffin,1610612746,LA,Clippers,LAC,0,0,NA,NA,NA,NA,NA,0,0,NA,NA,NA,NA,NA,20
21500418,107,4,0,1,11:03 PM,0:47,Mbah a Moute REBOUND (Off:2 Def:1),NA,NA,NA,NA,4,201601,Luc Mbah a Moute,1610612746,LA,Clippers,LAC,0,0,NA,NA,NA,NA,NA,0,0,NA,NA,NA,NA,NA,23
21500418,108,2,5,1,11:03 PM,0:40,MISS Aldrich 2' Layup,NA,NA,NA,NA,4,202332,Cole Aldrich,1610612746,LA,Clippers,LAC,0,0,NA,NA,NA,NA,NA,0,0,NA,NA,NA,NA,NA,26
21500418,109,4,0,1,11:03 PM,0:39,NA,NA,Ibaka REBOUND (Off:0 Def:4),NA,NA,5,201586,Serge Ibaka,1610612760,Oklahoma City,Thunder,OKC,0,0,NA,NA,NA,NA,NA,0,0,NA,NA,NA,NA,NA,29
21500418,110,1,1,1,11:03 PM,0:36,NA,NA,Durant 11' Jump Shot (7 PTS) (Waiters 2 AST),23 - 25,2,5,201142,Kevin Durant,1610612760,Oklahoma City,Thunder,OKC,5,203079,Dion Waiters,1610612760,Oklahoma City,Thunder,OKC,0,0,NA,NA,NA,NA,NA,5
21500418,112,8,0,1,11:03 PM,0:36,NA,NA,SUB: Collison FOR Ibaka,NA,NA,5,201586,Serge Ibaka,1610612760,Oklahoma City,Thunder,OKC,5,2555,Nick Collison,1610612760,Oklahoma City,Thunder,OKC,0,0,NA,NA,NA,NA,NA,8
21500418,115,6,2,1,11:03 PM,0:36,Crawford S.FOUL (P1.T3) (N.Buchert),NA,NA,NA,NA,4,2037,Jamal Crawford,1610612746,LA,Clippers,LAC,5,201142,Kevin Durant,1610612760,Oklahoma City,Thunder,OKC,1,0,NA,NA,NA,NA,NA,11
21500418,121,3,10,1,11:03 PM,0:36,NA,NA,MISS Durant Free Throw 1 of 1,NA,NA,5,201142,Kevin Durant,1610612760,Oklahoma City,Thunder,OKC,0,0,NA,NA,NA,NA,NA,0,0,NA,NA,NA,NA,NA,14
21500418,524,4,0,1,11:03 PM,0:36,Griffin REBOUND (Off:0 Def:3),NA,NA,NA,NA,4,201933,Blake Griffin,1610612746,LA,Clippers,LAC,0,0,NA,NA,NA,NA,NA,0,0,NA,NA,NA,NA,NA,17
21500418,124,1,45,1,11:03 PM,0:28,Paul 9' Jump Shot (14 PTS),NA,NA,23 - 27,4,4,101108,Chris Paul,1610612746,LA,Clippers,LAC,0,0,NA,NA,NA,NA,NA,0,0,NA,NA,NA,NA,NA,20
21500418,113,5,2,1,11:04 PM,0:06,Aldrich STEAL (2 STL),NA,Collison Lost Ball Turnover (P1.T2),NA,NA,5,2555,Nick Collison,1610612760,Oklahoma City,Thunder,OKC,4,202332,Cole Aldrich,1610612746,LA,Clippers,LAC,0,0,NA,NA,NA,NA,NA,23
21500418,114,1,5,1,11:04 PM,0:01,Paul 1' Layup (16 PTS) (Griffin 3 AST),NA,NA,23 - 29,6,4,101108,Chris Paul,1610612746,LA,Clippers,LAC,4,201933,Blake Griffin,1610612746,LA,Clippers,LAC,0,0,NA,NA,NA,NA,NA,26
21500418,116,18,1,1,11:06 PM,0:00,NA,NA,NA,NA,NA,NA,105,Dan Majerle,NA,NA,NA,NA,0,0,NA,NA,NA,NA,NA,1,0,NA,NA,NA,NA,NA,5
21500418,117,18,0,1,11:06 PM,0:00,NA,NA,NA,23 - 29,6,0,0,NA,NA,NA,NA,NA,0,0,NA,NA,NA,NA,NA,1,0,NA,NA,NA,NA,NA,8
21500418,118,13,0,1,11:06 PM,0:00,NA,NA,NA,23 - 29,6,0,0,NA,NA,NA,NA,NA,0,0,NA,NA,NA,NA,NA,0,0,NA,NA,NA,NA,NA,11
21500418,120,12,0,2,11:07 PM,12:00,NA,NA,NA,23 - 29,6,0,0,NA,NA,NA,NA,NA,0,0,NA,NA,NA,NA,NA,0,0,NA,NA,NA,NA,NA,14
21500418,123,1,1,2,11:08 PM,11:34,Crawford 15' Jump Shot (2 PTS),NA,NA,23 - 31,8,4,2037,Jamal Crawford,1610612746,LA,Clippers,LAC,0,0,NA,NA,NA,NA,NA,0,0,NA,NA,NA,NA,NA,17
21500418,125,5,2,2,11:08 PM,11:17,Aldrich STEAL (3 STL),NA,Kanter Lost Ball Turnover (P1.T3),NA,NA,5,202683,Enes Kanter,1610612760,Oklahoma City,Thunder,OKC,4,202332,Cole Aldrich,1610612746,LA,Clippers,LAC,0,0,NA,NA,NA,NA,NA,20
21500418,126,2,1,2,11:08 PM,11:08,MISS Crawford 21' Jump Shot,NA,NA,NA,NA,4,2037,Jamal Crawford,1610612746,LA,Clippers,LAC,0,0,NA,NA,NA,NA,NA,0,0,NA,NA,NA,NA,NA,23
21500418,127,4,0,2,11:08 PM,11:07,NA,NA,Collison REBOUND (Off:0 Def:1),NA,NA,5,2555,Nick Collison,1610612760,Oklahoma City,Thunder,OKC,0,0,NA,NA,NA,NA,NA,0,0,NA,NA,NA,NA,NA,26
21500418,128,2,1,2,11:08 PM,10:57,NA,NA,MISS Kanter 11' Jump Shot,NA,NA,5,202683,Enes Kanter,1610612760,Oklahoma City,Thunder,OKC,0,0,NA,NA,NA,NA,NA,0,0,NA,NA,NA,NA,NA,29
21500418,129,4,0,2,11:08 PM,10:56,Stephenson REBOUND (Off:0 Def:1),NA,NA,NA,NA,4,202362,Lance Stephenson,1610612746,LA,Clippers,LAC,0,0,NA,NA,NA,NA,NA,0,0,NA,NA,NA,NA,NA,5
21500418,130,1,5,2,11:09 PM,10:48,Aldrich 2' Layup (2 PTS) (Stephenson 1 AST),NA,NA,23 - 33,10,4,202332,Cole Aldrich,1610612746,LA,Clippers,LAC,4,202362,Lance Stephenson,1610612746,LA,Clippers,LAC,0,0,NA,NA,NA,NA,NA,8
21500418,132,6,27,2,11:09 PM,10:27,Stephenson Personal Block Foul (P1.T1) (R.Garretson),NA,NA,NA,NA,4,202362,Lance Stephenson,1610612746,LA,Clippers,LAC,5,203079,Dion Waiters,1610612760,Oklahoma City,Thunder,OKC,1,0,NA,NA,NA,NA,NA,11
21500418,133,8,0,2,11:09 PM,10:27,NA,NA,SUB: Adams FOR Kanter,NA,NA,5,202683,Enes Kanter,1610612760,Oklahoma City,Thunder,OKC,5,203500,Steven Adams,1610612760,Oklahoma City,Thunder,OKC,0,0,NA,NA,NA,NA,NA,14
21500418,134,8,0,2,11:09 PM,10:27,NA,NA,SUB: Singler FOR Collison,NA,NA,5,2555,Nick Collison,1610612760,Oklahoma City,Thunder,OKC,5,202713,Kyle Singler,1610612760,Oklahoma City,Thunder,OKC,0,0,NA,NA,NA,NA,NA,17
21500418,135,2,5,2,11:10 PM,10:19,Aldrich BLOCK (1 BLK),NA,MISS Augustin 2' Layup,NA,NA,5,201571,D.J. Augustin,1610612760,Oklahoma City,Thunder,OKC,0,0,NA,NA,NA,NA,NA,4,202332,Cole Aldrich,1610612746,LA,Clippers,LAC,20
21500418,136,4,0,2,11:10 PM,10:19,NA,NA,Adams REBOUND (Off:2 Def:2),NA,NA,5,203500,Steven Adams,1610612760,Oklahoma City,Thunder,OKC,0,0,NA,NA,NA,NA,NA,0,0,NA,NA,NA,NA,NA,23
21500418,137,6,2,2,11:10 PM,10:19,Crawford S.FOUL (P2.T2) (J.Goble),NA,NA,NA,NA,4,2037,Jamal Crawford,1610612746,LA,Clippers,LAC,5,203500,Steven Adams,1610612760,Oklahoma City,Thunder,OKC,1,0,NA,NA,NA,NA,NA,26
21500418,138,3,11,2,11:10 PM,10:19,NA,NA,Adams Free Throw 1 of 2 (1 PTS),24 - 33,9,5,203500,Steven Adams,1610612760,Oklahoma City,Thunder,OKC,0,0,NA,NA,NA,NA,NA,0,0,NA,NA,NA,NA,NA,29
21500418,140,3,12,2,11:10 PM,10:19,NA,NA,Adams Free Throw 2 of 2 (2 PTS),25 - 33,8,5,203500,Steven Adams,1610612760,Oklahoma City,Thunder,OKC,0,0,NA,NA,NA,NA,NA,0,0,NA,NA,NA,NA,NA,5
21500418,142,6,1,2,11:10 PM,10:14,NA,NA,Augustin P.FOUL (P1.T1) (R.Garretson),NA,NA,5,201571,D.J. Augustin,1610612760,Oklahoma City,Thunder,OKC,4,203143,Pablo Prigioni,1610612746,LA,Clippers,LAC,1,0,NA,NA,NA,NA,NA,8
21500418,143,6,2,2,11:11 PM,10:08,NA,NA,Morrow S.FOUL (P1.T2) (N.Buchert),NA,NA,5,201627,Anthony Morrow,1610612760,Oklahoma City,Thunder,OKC,4,202332,Cole Aldrich,1610612746,LA,Clippers,LAC,1,0,NA,NA,NA,NA,NA,11
21500418,144,3,11,2,11:11 PM,10:08,Aldrich Free Throw 1 of 2 (3 PTS),NA,NA,25 - 34,9,4,202332,Cole Aldrich,1610612746,LA,Clippers,LAC,0,0,NA,NA,NA,NA,NA,0,0,NA,NA,NA,NA,NA,14
21500418,146,3,12,2,11:11 PM,10:08,MISS Aldrich Free Throw 2 of 2,NA,NA,NA,NA,4,202332,Cole Aldrich,1610612746,LA,Clippers,LAC,0,0,NA,NA,NA,NA,NA,0,0,NA,NA,NA,NA,NA,17
21500418,148,4,0,2,11:11 PM,10:07,CLIPPERS Rebound,NA,NA,NA,NA,2,1610612746,NA,NA,NA,NA,NA,0,0,NA,NA,NA,NA,NA,0,0,NA,NA,NA,NA,NA,20
21500418,150,2,1,2,11:12 PM,10:02,MISS Prigioni 25' 3PT Jump Shot,NA,NA,NA,NA,4,203143,Pablo Prigioni,1610612746,LA,Clippers,LAC,0,0,NA,NA,NA,NA,NA,0,0,NA,NA,NA,NA,NA,23
21500418,151,4,0,2,11:12 PM,10:01,W. Johnson REBOUND (Off:1 Def:0),NA,NA,NA,NA,4,202325,Wesley Johnson,1610612746,LA,Clippers,LAC,0,0,NA,NA,NA,NA,NA,0,0,NA,NA,NA,NA,NA,26
21500418,152,5,2,2,11:12 PM,9:55,Stephenson Lost Ball Turnover (P1.T3),NA,Morrow STEAL (1 STL),NA,NA,4,202362,Lance Stephenson,1610612746,LA,Clippers,LAC,5,201627,Anthony Morrow,1610612760,Oklahoma City,Thunder,OKC,0,0,NA,NA,NA,NA,NA,5
21500418,153,6,11,2,11:12 PM,9:48,Stephenson T.FOUL (P1.T2) (J.Goble),NA,NA,NA,NA,4,202362,Lance Stephenson,1610612746,LA,Clippers,LAC,0,0,NA,NA,NA,NA,NA,1,0,NA,NA,NA,NA,NA,8
21500418,154,3,16,2,11:12 PM,9:48,NA,NA,Augustin Free Throw Technical (1 PTS),26 - 34,8,5,201571,D.J. Augustin,1610612760,Oklahoma City,Thunder,OKC,0,0,NA,NA,NA,NA,NA,0,0,NA,NA,NA,NA,NA,11
21500418,156,5,40,2,11:13 PM,9:41,NA,NA,Waiters Out of Bounds Lost Ball Turnover (P1.T4),NA,NA,5,203079,Dion Waiters,1610612760,Oklahoma City,Thunder,OKC,0,0,NA,NA,NA,NA,NA,0,0,NA,NA,NA,NA,NA,14
21500418,157,5,45,2,11:13 PM,9:24,Stephenson Out of Bounds - Bad Pass Turnover Turnover (P2.T4),NA,NA,NA,NA,4,202362,Lance Stephenson,1610612746,LA,Clippers,LAC,0,0,NA,NA,NA,NA,NA,0,0,NA,NA,NA,NA,NA,17
21500418,158,8,0,2,11:13 PM,9:24,SUB: Jordan FOR Aldrich,NA,NA,NA,NA,4,202332,Cole Aldrich,1610612746,LA,Clippers,LAC,4,201599,DeAndre Jordan,1610612746,LA,Clippers,LAC,0,0,NA,NA,NA,NA,NA,20
21500418,160,6,26,2,11:14 PM,9:04,NA,NA,Adams Offensive Charge Foul (P2.T3) (R.Garretson),NA,NA,5,203500,Steven Adams,1610612760,Oklahoma City,Thunder,OKC,4,203143,Pablo Prigioni,1610612746,LA,Clippers,LAC,1,0,NA,NA,NA,NA,NA,23
21500418,161,5,5,2,11:14 PM,9:04,NA,NA,Adams Foul Turnover (P1.T5),NA,NA,5,203500,Steven Adams,1610612760,Oklahoma City,Thunder,OKC,0,0,NA,NA,NA,NA,NA,1,0,NA,NA,NA,NA,NA,26
21500418,162,8,0,2,11:14 PM,9:04,NA,NA,SUB: Westbrook FOR Morrow,NA,NA,5,201627,Anthony Morrow,1610612760,Oklahoma City,Thunder,OKC,5,201566,Russell Westbrook,1610612760,Oklahoma City,Thunder,OKC,0,0,NA,NA,NA,NA,NA,29
21500418,164,9,4,2,11:14 PM,8:53,NA,NA,NA,NA,NA,1,0,NA,NA,NA,NA,NA,0,0,NA,NA,NA,NA,NA,0,0,NA,NA,NA,NA,NA,5
21500418,167,8,0,2,11:17 PM,8:53,NA,NA,SUB: Collison FOR Adams,NA,NA,5,203500,Steven Adams,1610612760,Oklahoma City,Thunder,OKC,5,2555,Nick Collison,1610612760,Oklahoma City,Thunder,OKC,0,0,NA,NA,NA,NA,NA,8
21500418,168,1,1,2,11:17 PM,8:49,W. Johnson 21' Jump Shot (2 PTS) (Prigioni 1 AST),NA,NA,26 - 36,10,4,202325,Wesley Johnson,1610612746,LA,Clippers,LAC,4,203143,Pablo Prigioni,1610612746,LA,Clippers,LAC,0,0,NA,NA,NA,NA,NA,11
21500418,169,1,1,2,11:17 PM,8:28,NA,NA,Waiters 18' Jump Shot (5 PTS) (Collison 1 AST),28 - 36,8,5,203079,Dion Waiters,1610612760,Oklahoma City,Thunder,OKC,5,2555,Nick Collison,1610612760,Oklahoma City,Thunder,OKC,0,0,NA,NA,NA,NA,NA,14
21500418,170,2,1,2,11:18 PM,8:05,MISS Crawford 26' 3PT Jump Shot,NA,NA,NA,NA,4,2037,Jamal Crawford,1610612746,LA,Clippers,LAC,0,0,NA,NA,NA,NA,NA,0,0,NA,NA,NA,NA,NA,17
21500418,171,4,0,2,11:18 PM,8:05,Jordan REBOUND (Off:1 Def:2),NA,NA,NA,NA,4,201599,DeAndre Jordan,1610612746,LA,Clippers,LAC,0,0,NA,NA,NA,NA,NA,0,0,NA,NA,NA,NA,NA,20
21500418,172,6,2,2,11:18 PM,8:05,NA,NA,Collison S.FOUL (P1.T4) (J.Goble),NA,NA,5,2555,Nick Collison,1610612760,Oklahoma City,Thunder,OKC,4,201599,DeAndre Jordan,1610612746,LA,Clippers,LAC,1,0,NA,NA,NA,NA,NA,23
21500418,173,3,11,2,11:18 PM,8:05,Jordan Free Throw 1 of 2 (7 PTS),NA,NA,28 - 37,9,4,201599,DeAndre Jordan,1610612746,LA,Clippers,LAC,0,0,NA,NA,NA,NA,NA,0,0,NA,NA,NA,NA,NA,26
21500418,175,3,12,2,11:18 PM,8:05,MISS Jordan Free Throw 2 of 2,NA,NA,NA,NA,4,201599,DeAndre Jordan,1610612746,LA,Clippers,LAC,0,0,NA,NA,NA,NA,NA,0,0,NA,NA,NA,NA,NA,29
21500418,177,4,0,2,11:18 PM,8:04,NA,NA,Collison REBOUND (Off:0 Def:2),NA,NA,5,2555,Nick Collison,1610612760,Oklahoma City,Thunder,OKC,0,0,NA,NA,NA,NA,NA,0,0,NA,NA,NA,NA,NA,5
21500418,178,1,46,2,11:19 PM,7:46,NA,NA,Westbrook 11' Running Jump Shot (6 PTS),30 - 37,7,5,201566,Russell Westbrook,1610612760,Oklahoma City,Thunder,OKC,0,0,NA,NA,NA,NA,NA,0,0,NA,NA,NA,NA,NA,8
21500418,179,1,99,2,11:19 PM,7:37,Prigioni 1' Cutting Finger Roll Layup Shot (2 PTS),NA,NA,30 - 39,9,4,203143,Pablo Prigioni,1610612746,LA,Clippers,LAC,0,0,NA,NA,NA,NA,NA,0,0,NA,NA,NA,NA,NA,11
21500418,180,2,1,2,11:19 PM,7:15,Jordan BLOCK (1 BLK),NA,MISS Augustin 6' Jump Shot,NA,NA,5,201571,D.J. Augustin,1610612760,Oklahoma City,Thunder,OKC,0,0,NA,NA,NA,NA,NA,4,201599,DeAndre Jordan,1610612746,LA,Clippers,LAC,14
21500418,181,4,0,2,11:19 PM,7:13,NA,NA,Collison REBOUND (Off:1 Def:2),NA,NA,5,2555,Nick Collison,1610612760,Oklahoma City,Thunder,OKC,0,0,NA,NA,NA,NA,NA,0,0,NA,NA,NA,NA,NA,17
21500418,182,1,1,2,11:19 PM,7:10,NA,NA,Singler 16' Jump Shot (2 PTS) (Collison 2 AST),32 - 39,7,5,202713,Kyle Singler,1610612760,Oklahoma City,Thunder,OKC,5,2555,Nick Collison,1610612760,Oklahoma City,Thunder,OKC,0,0,NA,NA,NA,NA,NA,20
21500418,183,2,1,2,11:20 PM,6:50,MISS W. Johnson 25' 3PT Jump Shot,NA,NA,NA,NA,4,202325,Wesley Johnson,1610612746,LA,Clippers,LAC,0,0,NA,NA,NA,NA,NA,0,0,NA,NA,NA,NA,NA,23
21500418,184,4,0,2,11:20 PM,6:48,Prigioni REBOUND (Off:1 Def:0),NA,NA,NA,NA,4,203143,Pablo Prigioni,1610612746,LA,Clippers,LAC,0,0,NA,NA,NA,NA,NA,0,0,NA,NA,NA,NA,NA,26
21500418,185,2,5,2,11:20 PM,6:36,MISS Crawford 2' Layup,NA,Augustin BLOCK (1 BLK),NA,NA,4,2037,Jamal Crawford,1610612746,LA,Clippers,LAC,0,0,NA,NA,NA,NA,NA,5,201571,D.J. Augustin,1610612760,Oklahoma City,Thunder,OKC,5
21500418,186,4,0,2,11:20 PM,6:35,Crawford REBOUND (Off:1 Def:0),NA,NA,NA,NA,4,2037,Jamal Crawford,1610612746,LA,Clippers,LAC,0,0,NA,NA,NA,NA,NA,0,0,NA,NA,NA,NA,NA,8
21500418,187,1,5,2,11:20 PM,6:33,Crawford 2' Layup (4 PTS),NA,NA,32 - 41,9,4,2037,Jamal Crawford,1610612746,LA,Clippers,LAC,0,0,NA,NA,NA,NA,NA,0,0,NA,NA,NA,NA,NA,11
21500418,188,2,1,2,11:20 PM,6:12,NA,NA,MISS Westbrook 24' 3PT Jump Shot,NA,NA,5,201566,Russell Westbrook,1610612760,Oklahoma City,Thunder,OKC,0,0,NA,NA,NA,NA,NA,0,0,NA,NA,NA,NA,NA,14
21500418,189,4,0,2,11:20 PM,6:11,Stephenson REBOUND (Off:0 Def:2),NA,NA,NA,NA,4,202362,Lance Stephenson,1610612746,LA,Clippers,LAC,0,0,NA,NA,NA,NA,NA,0,0,NA,NA,NA,NA,NA,17
21500418,190,5,45,2,11:20 PM,6:09,Stephenson Out of Bounds - Bad Pass Turnover Turnover (P3.T5),NA,NA,NA,NA,4,202362,Lance Stephenson,1610612746,LA,Clippers,LAC,0,0,NA,NA,NA,NA,NA,0,0,NA,NA,NA,NA,NA,20
21500418,191,8,0,2,11:21 PM,6:09,NA,NA,SUB: Durant FOR Augustin,NA,NA,5,201571,D.J. Augustin,1610612760,Oklahoma City,Thunder,OKC,5,201142,Kevin Durant,1610612760,Oklahoma City,Thunder,OKC,0,0,NA,NA,NA,NA,NA,23
21500418,192,8,0,2,11:21 PM,6:09,NA,NA,SUB: Ibaka FOR Singler,NA,NA,5,202713,Kyle Singler,1610612760,Oklahoma City,Thunder,OKC,5,201586,Serge Ibaka,1610612760,Oklahoma City,Thunder,OKC,0,0,NA,NA,NA,NA,NA,26
21500418,193,8,0,2,11:21 PM,6:09,SUB: Paul FOR Prigioni,NA,NA,NA,NA,4,203143,Pablo Prigioni,1610612746,LA,Clippers,LAC,4,101108,Chris Paul,1610612746,LA,Clippers,LAC,0,0,NA,NA,NA,NA,NA,29
21500418,194,8,0,2,11:21 PM,6:09,SUB: Griffin FOR W. Johnson,NA,NA,NA,NA,4,202325,Wesley Johnson,1610612746,LA,Clippers,LAC,4,201933,Blake Griffin,1610612746,LA,Clippers,LAC,0,0,NA,NA,NA,NA,NA,5
21500418,197,2,5,2,11:21 PM,5:52,NA,NA,MISS Westbrook 1' Layup,NA,NA,5,201566,Russell Westbrook,1610612760,Oklahoma City,Thunder,OKC,0,0,NA,NA,NA,NA,NA,0,0,NA,NA,NA,NA,NA,8
21500418,198,4,0,2,11:21 PM,5:52,Jordan REBOUND (Off:1 Def:3),NA,NA,NA,NA,4,201599,DeAndre Jordan,1610612746,LA,Clippers,LAC,0,0,NA,NA,NA,NA,NA,0,0,NA,NA,NA,NA,NA,11
21500418,199,2,1,2,11:22 PM,5:37,MISS Griffin 19' Jump Shot,NA,NA,NA,NA,4,201933,Blake Griffin,1610612746,LA,Clippers,LAC,0,0,NA,NA,NA,NA,NA,0,0,NA,NA,NA,NA,NA,14
21500418,200,4,0,2,11:22 PM,5:36,NA,NA,Durant REBOUND (Off:0 Def:3),NA,NA,5,201142,Kevin Durant,1610612760,Oklahoma City,Thunder,OKC,0,0,NA,NA,NA,NA,NA,0,0,NA,NA,NA,NA,NA,17
21500418,201,2,1,2,11:22 PM,5:27,NA,NA,MISS Waiters 9' Jump Shot,NA,NA,5,203079,Dion Waiters,1610612760,Oklahoma City,Thunder,OKC,0,0,NA,NA,NA,NA,NA,0,0,NA,NA,NA,NA,NA,20
21500418,202,4,0,2,11:22 PM,5:26,Jordan REBOUND (Off:1 Def:4),NA,NA,NA,NA,4,201599,DeAndre Jordan,1610612746,LA,Clippers,LAC,0,0,NA,NA,NA,NA,NA,0,0,NA,NA,NA,NA,NA,23
21500418,203,2,1,2,11:22 PM,5:18,MISS Stephenson  3PT Jump Shot,NA,NA,NA,NA,4,202362,Lance Stephenson,1610612746,LA,Clippers,LAC,0,0,NA,NA,NA,NA,NA,0,0,NA,NA,NA,NA,NA,26
21500418,204,4,0,2,11:22 PM,5:17,NA,NA,Westbrook REBOUND (Off:0 Def:1),NA,NA,5,201566,Russell Westbrook,1610612760,Oklahoma City,Thunder,OKC,0,0,NA,NA,NA,NA,NA,0,0,NA,NA,NA,NA,NA,29
21500418,205,1,1,2,11:22 PM,5:07,NA,NA,Ibaka 20' Jump Shot (9 PTS) (Westbrook 3 AST),34 - 41,7,5,201586,Serge Ibaka,1610612760,Oklahoma City,Thunder,OKC,5,201566,Russell Westbrook,1610612760,Oklahoma City,Thunder,OKC,0,0,NA,NA,NA,NA,NA,5
21500418,206,1,42,2,11:22 PM,5:01,Stephenson 1' Driving Layup (2 PTS),NA,NA,34 - 43,9,4,202362,Lance Stephenson,1610612746,LA,Clippers,LAC,0,0,NA,NA,NA,NA,NA,0,0,NA,NA,NA,NA,NA,8
21500418,207,9,1,2,11:22 PM,5:01,NA,NA,Thunder Timeout: Regular (Reg.2 Short 0),NA,NA,3,1610612760,NA,NA,NA,NA,NA,0,0,NA,NA,NA,NA,NA,0,0,NA,NA,NA,NA,NA,11
21500418,210,6,29,2,11:25 PM,4:50,Jordan Shooting Block Foul (P1.T3) (J.Goble),NA,NA,NA,NA,4,201599,DeAndre Jordan,1610612746,LA,Clippers,LAC,5,201566,Russell Westbrook,1610612760,Oklahoma City,Thunder,OKC,1,0,NA,NA,NA,NA,NA,14
21500418,211,3,11,2,11:25 PM,4:50,NA,NA,MISS Westbrook Free Throw 1 of 2,NA,NA,5,201566,Russell Westbrook,1610612760,Oklahoma City,Thunder,OKC,0,0,NA,NA,NA,NA,NA,0,0,NA,NA,NA,NA,NA,17
21500418,212,4,1,2,11:25 PM,4:50,NA,NA,Thunder Rebound,NA,NA,3,1610612760,NA,NA,NA,NA,NA,0,0,NA,NA,NA,NA,NA,0,0,NA,NA,NA,NA,NA,20
21500418,213,3,12,2,11:25 PM,4:50,NA,NA,Westbrook Free Throw 2 of 2 (7 PTS),35 - 43,8,5,201566,Russell Westbrook,1610612760,Oklahoma City,Thunder,OKC,0,0,NA,NA,NA,NA,NA,0,0,NA,NA,NA,NA,NA,23
21500418,215,6,27,2,11:26 PM,4:42,NA,NA,Collison Personal Block Foul (P2.PN) (J.Goble),NA,NA,5,2555,Nick Collison,1610612760,Oklahoma City,Thunder,OKC,4,201599,DeAndre Jordan,1610612746,LA,Clippers,LAC,1,0,NA,NA,NA,NA,NA,26
21500418,216,8,0,2,11:26 PM,4:42,SUB: Redick FOR Crawford,NA,NA,NA,NA,4,2037,Jamal Crawford,1610612746,LA,Clippers,LAC,4,200755,JJ Redick,1610612746,LA,Clippers,LAC,0,0,NA,NA,NA,NA,NA,5
21500418,217,6,1,2,11:26 PM,4:38,NA,NA,Waiters P.FOUL (P1.PN) (R.Garretson),NA,NA,5,203079,Dion Waiters,1610612760,Oklahoma City,Thunder,OKC,4,101108,Chris Paul,1610612746,LA,Clippers,LAC,1,0,NA,NA,NA,NA,NA,8
21500418,218,3,11,2,11:26 PM,4:38,Paul Free Throw 1 of 2 (17 PTS),NA,NA,35 - 44,9,4,101108,Chris Paul,1610612746,LA,Clippers,LAC,0,0,NA,NA,NA,NA,NA,0,0,NA,NA,NA,NA,NA,11
21500418,220,8,0,2,11:27 PM,4:38,SUB: Mbah a Moute FOR Stephenson,NA,NA,NA,NA,4,202362,Lance Stephenson,1610612746,LA,Clippers,LAC,4,201601,Luc Mbah a Moute,1610612746,LA,Clippers,LAC,0,0,NA,NA,NA,NA,NA,14
21500418,221,3,12,2,11:27 PM,4:38,Paul Free Throw 2 of 2 (18 PTS),NA,NA,35 - 45,10,4,101108,Chris Paul,1610612746,LA,Clippers,LAC,0,0,NA,NA,NA,NA,NA,0,0,NA,NA,NA,NA,NA,17
21500418,223,1,78,2,11:27 PM,4:19,NA,NA,Collison 11' Floating Jump Shot (2 PTS) (Durant 2 AST),37 - 45,8,5,2555,Nick Collison,1610612760,Oklahoma City,Thunder,OKC,5,201142,Kevin Durant,1610612760,Oklahoma City,Thunder,OKC,0,0,NA,NA,NA,NA,NA,20
21500418,224,1,1,2,11:28 PM,4:02,Griffin 16' Jump Shot (2 PTS) (Paul 5 AST),NA,NA,37 - 47,10,4,201933,Blake Griffin,1610612746,LA,Clippers,LAC,4,101108,Chris Paul,1610612746,LA,Clippers,LAC,0,0,NA,NA,NA,NA,NA,23
21500418,225,2,1,2,11:28 PM,3:49,NA,NA,MISS Durant 13' Jump Shot,NA,NA,5,201142,Kevin Durant,1610612760,Oklahoma City,Thunder,OKC,0,0,NA,NA,NA,NA,NA,0,0,NA,NA,NA,NA,NA,26
21500418,226,4,0,2,11:28 PM,3:48,NA,NA,Collison REBOUND (Off:2 Def:2),NA,NA,5,2555,Nick Collison,1610612760,Oklahoma City,Thunder,OKC,0,0,NA,NA,NA,NA,NA,0,0,NA,NA,NA,NA,NA,29
21500418,227,2,1,2,11:28 PM,3:43,NA,NA,MISS Durant 24' 3PT Jump Shot,NA,NA,5,201142,Kevin Durant,1610612760,Oklahoma City,Thunder,OKC,0,0,NA,NA,NA,NA,NA,0,0,NA,NA,NA,NA,NA,5
21500418,228,4,0,2,11:28 PM,3:41,Griffin REBOUND (Off:0 Def:4),NA,NA,NA,NA,4,201933,Blake Griffin,1610612746,LA,Clippers,LAC,0,0,NA,NA,NA,NA,NA,0,0,NA,NA,NA,NA,NA,8
21500418,229,5,2,2,11:28 PM,3:39,Griffin Lost Ball Turnover (P1.T6),NA,Westbrook STEAL (1 STL),NA,NA,4,201933,Blake Griffin,1610612746,LA,Clippers,LAC,5,201566,Russell Westbrook,1610612760,Oklahoma City,Thunder,OKC,0,0,NA,NA,NA,NA,NA,11
21500418,230,1,5,2,11:28 PM,3:29,NA,NA,Westbrook  Layup (9 PTS),39 - 47,8,5,201566,Russell Westbrook,1610612760,Oklahoma City,Thunder,OKC,0,0,NA,NA,NA,NA,NA,0,0,NA,NA,NA,NA,NA,14
21500418,231,2,1,2,11:29 PM,3:13,MISS Mbah a Moute 24' 3PT Jump Shot,NA,NA,NA,NA,4,201601,Luc Mbah a Moute,1610612746,LA,Clippers,LAC,0,0,NA,NA,NA,NA,NA,0,0,NA,NA,NA,NA,NA,17
21500418,232,4,0,2,11:29 PM,3:13,NA,NA,Collison REBOUND (Off:2 Def:3),NA,NA,5,2555,Nick Collison,1610612760,Oklahoma City,Thunder,OKC,0,0,NA,NA,NA,NA,NA,0,0,NA,NA,NA,NA,NA,20
21500418,233,2,1,2,11:29 PM,3:02,NA,NA,MISS Ibaka 25' 3PT Jump Shot,NA,NA,5,201586,Serge Ibaka,1610612760,Oklahoma City,Thunder,OKC,0,0,NA,NA,NA,NA,NA,0,0,NA,NA,NA,NA,NA,23
21500418,234,4,0,2,11:29 PM,3:02,Griffin REBOUND (Off:0 Def:5),NA,NA,NA,NA,4,201933,Blake Griffin,1610612746,LA,Clippers,LAC,0,0,NA,NA,NA,NA,NA,0,0,NA,NA,NA,NA,NA,26
21500418,235,2,1,2,11:29 PM,2:47,MISS Paul 10' Jump Shot,NA,NA,NA,NA,4,101108,Chris Paul,1610612746,LA,Clippers,LAC,0,0,NA,NA,NA,NA,NA,0,0,NA,NA,NA,NA,NA,29
21500418,236,4,0,2,11:29 PM,2:45,Mbah a Moute REBOUND (Off:3 Def:1),NA,NA,NA,NA,4,201601,Luc Mbah a Moute,1610612746,LA,Clippers,LAC,0,0,NA,NA,NA,NA,NA,0,0,NA,NA,NA,NA,NA,5
21500418,237,2,97,2,11:29 PM,2:42,MISS Mbah a Moute 1' Tip Layup Shot,NA,NA,NA,NA,4,201601,Luc Mbah a Moute,1610612746,LA,Clippers,LAC,0,0,NA,NA,NA,NA,NA,0,0,NA,NA,NA,NA,NA,8
21500418,238,4,0,2,11:29 PM,2:42,NA,NA,Collison REBOUND (Off:2 Def:4),NA,NA,5,2555,Nick Collison,1610612760,Oklahoma City,Thunder,OKC,0,0,NA,NA,NA,NA,NA,0,0,NA,NA,NA,NA,NA,11
21500418,239,6,4,2,11:29 PM,2:31,NA,NA,Durant OFF.Foul (P1) (J.Goble),NA,NA,5,201142,Kevin Durant,1610612760,Oklahoma City,Thunder,OKC,4,201933,Blake Griffin,1610612746,LA,Clippers,LAC,1,0,NA,NA,NA,NA,NA,14
21500418,240,5,5,2,11:29 PM,2:31,NA,NA,Durant Foul Turnover (P2.T6),NA,NA,5,201142,Kevin Durant,1610612760,Oklahoma City,Thunder,OKC,0,0,NA,NA,NA,NA,NA,1,0,NA,NA,NA,NA,NA,17
21500418,241,9,1,2,11:29 PM,2:31,CLIPPERS Timeout: Regular (Full 2 Short 0),NA,NA,NA,NA,2,1610612746,NA,NA,NA,NA,NA,0,0,NA,NA,NA,NA,NA,0,0,NA,NA,NA,NA,NA,20
21500418,243,8,0,2,11:32 PM,2:31,NA,NA,SUB: Kanter FOR Collison,NA,NA,5,2555,Nick Collison,1610612760,Oklahoma City,Thunder,OKC,5,202683,Enes Kanter,1610612760,Oklahoma City,Thunder,OKC,0,0,NA,NA,NA,NA,NA,23
21500418,244,2,1,2,11:32 PM,2:09,MISS Griffin 19' Jump Shot,NA,NA,NA,NA,4,201933,Blake Griffin,1610612746,LA,Clippers,LAC,0,0,NA,NA,NA,NA,NA,0,0,NA,NA,NA,NA,NA,26
21500418,245,4,0,2,11:32 PM,2:08,NA,NA,Westbrook REBOUND (Off:0 Def:2),NA,NA,5,201566,Russell Westbrook,1610612760,Oklahoma City,Thunder,OKC,0,0,NA,NA,NA,NA,NA,0,0,NA,NA,NA,NA,NA,5
21500418,246,1,5,2,11:32 PM,2:04,NA,NA,Westbrook 2' Layup (11 PTS),41 - 47,6,5,201566,Russell Westbrook,1610612760,Oklahoma City,Thunder,OKC,0,0,NA,NA,NA,NA,NA,0,0,NA,NA,NA,NA,NA,8
21500418,247,6,29,2,11:32 PM,2:04,Griffin Shooting Block Foul (P2.T4) (J.Goble),NA,NA,NA,NA,4,201933,Blake Griffin,1610612746,LA,Clippers,LAC,5,201566,Russell Westbrook,1610612760,Oklahoma City,Thunder,OKC,1,0,NA,NA,NA,NA,NA,11
21500418,248,3,10,2,11:33 PM,2:04,NA,NA,Westbrook Free Throw 1 of 1 (12 PTS),42 - 47,5,5,201566,Russell Westbrook,1610612760,Oklahoma City,Thunder,OKC,0,0,NA,NA,NA,NA,NA,0,0,NA,NA,NA,NA,NA,14
21500418,250,2,1,2,11:33 PM,1:52,MISS Redick 18' Jump Shot,NA,NA,NA,NA,4,200755,JJ Redick,1610612746,LA,Clippers,LAC,0,0,NA,NA,NA,NA,NA,0,0,NA,NA,NA,NA,NA,17
21500418,251,4,0,2,11:33 PM,1:49,NA,NA,Durant REBOUND (Off:0 Def:4),NA,NA,5,201142,Kevin Durant,1610612760,Oklahoma City,Thunder,OKC,0,0,NA,NA,NA,NA,NA,0,0,NA,NA,NA,NA,NA,20
21500418,252,1,1,2,11:33 PM,1:40,NA,NA,Durant 19' Jump Shot (9 PTS),44 - 47,3,5,201142,Kevin Durant,1610612760,Oklahoma City,Thunder,OKC,0,0,NA,NA,NA,NA,NA,0,0,NA,NA,NA,NA,NA,23
21500418,253,1,1,2,11:34 PM,1:15,Redick 17' Jump Shot (7 PTS) (Griffin 4 AST),NA,NA,44 - 49,5,4,200755,JJ Redick,1610612746,LA,Clippers,LAC,4,201933,Blake Griffin,1610612746,LA,Clippers,LAC,0,0,NA,NA,NA,NA,NA,26
21500418,254,1,1,2,11:34 PM,0:52,NA,NA,Durant 9' Jump Shot (11 PTS),46 - 49,3,5,201142,Kevin Durant,1610612760,Oklahoma City,Thunder,OKC,0,0,NA,NA,NA,NA,NA,0,0,NA,NA,NA,NA,NA,29
21500418,255,1,1,2,11:35 PM,0:39,Redick 21' Jump Shot (9 PTS) (Griffin 5 AST),NA,NA,46 - 51,5,4,200755,JJ Redick,1610612746,LA,Clippers,LAC,4,201933,Blake Griffin,1610612746,LA,Clippers,LAC,0,0,NA,NA,NA,NA,NA,5
21500418,256,6,2,2,11:35 PM,0:29,Paul S.FOUL (P2.PN) (J.Goble),NA,NA,NA,NA,4,101108,Chris Paul,1610612746,LA,Clippers,LAC,5,201142,Kevin Durant,1610612760,Oklahoma City,Thunder,OKC,1,0,NA,NA,NA,NA,NA,8
21500418,257,3,11,2,11:35 PM,0:29,NA,NA,Durant Free Throw 1 of 2 (12 PTS),47 - 51,4,5,201142,Kevin Durant,1610612760,Oklahoma City,Thunder,OKC,0,0,NA,NA,NA,NA,NA,0,0,NA,NA,NA,NA,NA,11
21500418,259,3,12,2,11:35 PM,0:29,NA,NA,Durant Free Throw 2 of 2 (13 PTS),48 - 51,3,5,201142,Kevin Durant,1610612760,Oklahoma City,Thunder,OKC,0,0,NA,NA,NA,NA,NA,0,0,NA,NA,NA,NA,NA,14
21500418,261,9,2,2,11:36 PM,0:21,CLIPPERS Timeout: Short (Full 2 Short 1),NA,NA,NA,NA,2,1610612746,NA,NA,NA,NA,NA,0,0,NA,NA,NA,NA,NA,0,0,NA,NA,NA,NA,NA,17
21500418,263,8,0,2,11:37 PM,0:21,SUB: W. Johnson FOR Mbah a Moute,NA,NA,NA,NA,4,201601,Luc Mbah a Moute,1610612746,LA,Clippers,LAC,4,202325,Wesley Johnson,1610612746,LA,Clippers,LAC,0,0,NA,NA,NA,NA,NA,20
21500418,264,8,0,2,11:37 PM,0:21,NA,NA,SUB: Collison FOR Kanter,NA,NA,5,202683,Enes Kanter,1610612760,Oklahoma City,Thunder,OKC,5,2555,Nick Collison,1610612760,Oklahoma City,Thunder,OKC,0,0,NA,NA,NA,NA,NA,23
21500418,265,6,28,2,11:37 PM,0:20,NA,NA,Collison Personal Take Foul (P3.PN) (R.Garretson),NA,NA,5,2555,Nick Collison,1610612760,Oklahoma City,Thunder,OKC,4,201599,DeAndre Jordan,1610612746,LA,Clippers,LAC,1,0,NA,NA,NA,NA,NA,26
21500418,266,3,11,2,11:37 PM,0:20,MISS Jordan Free Throw 1 of 2,NA,NA,NA,NA,4,201599,DeAndre Jordan,1610612746,LA,Clippers,LAC,0,0,NA,NA,NA,NA,NA,0,0,NA,NA,NA,NA,NA,29
21500418,267,4,1,2,11:37 PM,0:20,CLIPPERS Rebound,NA,NA,NA,NA,2,1610612746,NA,NA,NA,NA,NA,0,0,NA,NA,NA,NA,NA,0,0,NA,NA,NA,NA,NA,5
21500418,268,8,0,2,11:38 PM,0:20,SUB: Mbah a Moute FOR W. Johnson,NA,NA,NA,NA,4,202325,Wesley Johnson,1610612746,LA,Clippers,LAC,4,201601,Luc Mbah a Moute,1610612746,LA,Clippers,LAC,0,0,NA,NA,NA,NA,NA,8
21500418,269,8,0,2,11:38 PM,0:20,NA,NA,SUB: Kanter FOR Collison,NA,NA,5,2555,Nick Collison,1610612760,Oklahoma City,Thunder,OKC,5,202683,Enes Kanter,1610612760,Oklahoma City,Thunder,OKC,0,0,NA,NA,NA,NA,NA,11
21500418,270,3,12,2,11:38 PM,0:20,Jordan Free Throw 2 of 2 (8 PTS),NA,NA,48 - 52,4,4,201599,DeAndre Jordan,1610612746,LA,Clippers,LAC,0,0,NA,NA,NA,NA,NA,0,0,NA,NA,NA,NA,NA,14
21500418,272,6,1,2,11:38 PM,0:06,Mbah a Moute P.FOUL (P1.PN) (J.Goble),NA,NA,NA,NA,4,201601,Luc Mbah a Moute,1610612746,LA,Clippers,LAC,5,201566,Russell Westbrook,1610612760,Oklahoma City,Thunder,OKC,1,0,NA,NA,NA,NA,NA,17
21500418,273,3,11,2,11:38 PM,0:06,NA,NA,Westbrook Free Throw 1 of 2 (13 PTS),49 - 52,3,5,201566,Russell Westbrook,1610612760,Oklahoma City,Thunder,OKC,0,0,NA,NA,NA,NA,NA,0,0,NA,NA,NA,NA,NA,20
21500418,275,8,0,2,11:39 PM,0:06,SUB: W. Johnson FOR Mbah a Moute,NA,NA,NA,NA,4,201601,Luc Mbah a Moute,1610612746,LA,Clippers,LAC,4,202325,Wesley Johnson,1610612746,LA,Clippers,LAC,0,0,NA,NA,NA,NA,NA,23
21500418,276,8,0,2,11:39 PM,0:06,SUB: Crawford FOR Jordan,NA,NA,NA,NA,4,201599,DeAndre Jordan,1610612746,LA,Clippers,LAC,4,2037,Jamal Crawford,1610612746,LA,Clippers,LAC,0,0,NA,NA,NA,NA,NA,26
21500418,277,8,0,2,11:39 PM,0:06,NA,NA,SUB: Roberson FOR Kanter,NA,NA,5,202683,Enes Kanter,1610612760,Oklahoma City,Thunder,OKC,5,203460,Andre Roberson,1610612760,Oklahoma City,Thunder,OKC,0,0,NA,NA,NA,NA,NA,5
21500418,278,3,12,2,11:39 PM,0:06,NA,NA,Westbrook Free Throw 2 of 2 (14 PTS),50 - 52,2,5,201566,Russell Westbrook,1610612760,Oklahoma City,Thunder,OKC,0,0,NA,NA,NA,NA,NA,0,0,NA,NA,NA,NA,NA,8
21500418,280,2,1,2,11:39 PM,0:01,MISS Griffin 28' 3PT Jump Shot,NA,NA,NA,NA,4,201933,Blake Griffin,1610612746,LA,Clippers,LAC,0,0,NA,NA,NA,NA,NA,0,0,NA,NA,NA,NA,NA,11
21500418,281,4,0,2,11:39 PM,0:00,CLIPPERS Rebound,NA,NA,NA,NA,2,1610612746,NA,NA,NA,NA,NA,0,0,NA,NA,NA,NA,NA,0,0,NA,NA,NA,NA,NA,14
21500418,282,13,0,2,11:39 PM,0:00,NA,NA,NA,50 - 52,2,0,0,NA,NA,NA,NA,NA,0,0,NA,NA,NA,NA,NA,0,0,NA,NA,NA,NA,NA,17
21500418,284,12,0,3,11:55 PM,12:00,NA,NA,NA,50 - 52,2,0,0,NA,NA,NA,NA,NA,0,0,NA,NA,NA,NA,NA,0,0,NA,NA,NA,NA,NA,20
21500418,286,2,1,3,11:56 PM,11:36,MISS Griffin 18' Jump Shot,NA,NA,NA,NA,4,201933,Blake Griffin,1610612746,LA,Clippers,LAC,0,0,NA,NA,NA,NA,NA,0,0,NA,NA,NA,NA,NA,23
21500418,287,4,0,3,11:56 PM,11:35,NA,NA,Adams REBOUND (Off:2 Def:3),NA,NA,5,203500,Steven Adams,1610612760,Oklahoma City,Thunder,OKC,0,0,NA,NA,NA,NA,NA,0,0,NA,NA,NA,NA,NA,26
21500418,295,2,43,3,11:56 PM,11:22,NA,NA,MISS Adams 1' Alley Oop Layup,NA,NA,5,203500,Steven Adams,1610612760,Oklahoma City,Thunder,OKC,0,0,NA,NA,NA,NA,NA,0,0,NA,NA,NA,NA,NA,29
21500418,293,4,0,3,11:56 PM,11:21,NA,NA,Westbrook REBOUND (Off:1 Def:2),NA,NA,5,201566,Russell Westbrook,1610612760,Oklahoma City,Thunder,OKC,0,0,NA,NA,NA,NA,NA,0,0,NA,NA,NA,NA,NA,5
21500418,288,6,2,3,11:56 PM,11:21,Griffin S.FOUL (P3.T1) (N.Buchert),NA,NA,NA,NA,4,201933,Blake Griffin,1610612746,LA,Clippers,LAC,5,201566,Russell Westbrook,1610612760,Oklahoma City,Thunder,OKC,1,0,NA,NA,NA,NA,NA,8
21500418,289,3,11,3,11:57 PM,11:21,NA,NA,MISS Westbrook Free Throw 1 of 2,NA,NA,5,201566,Russell Westbrook,1610612760,Oklahoma City,Thunder,OKC,0,0,NA,NA,NA,NA,NA,0,0,NA,NA,NA,NA,NA,11
21500418,290,4,1,3,11:57 PM,11:21,NA,NA,Thunder Rebound,NA,NA,3,1610612760,NA,NA,NA,NA,NA,0,0,NA,NA,NA,NA,NA,0,0,NA,NA,NA,NA,NA,14
21500418,291,3,12,3,11:57 PM,11:21,NA,NA,Westbrook Free Throw 2 of 2 (15 PTS),51 - 52,1,5,201566,Russell Westbrook,1610612760,Oklahoma City,Thunder,OKC,0,0,NA,NA,NA,NA,NA,0,0,NA,NA,NA,NA,NA,17
21500418,294,6,1,3,11:57 PM,11:05,NA,NA,Westbrook P.FOUL (P2.T1) (J.Goble),NA,NA,5,201566,Russell Westbrook,1610612760,Oklahoma City,Thunder,OKC,4,201933,Blake Griffin,1610612746,LA,Clippers,LAC,1,0,NA,NA,NA,NA,NA,20
21500418,296,2,1,3,11:58 PM,10:56,MISS Redick 20' Jump Shot,NA,NA,NA,NA,4,200755,JJ Redick,1610612746,LA,Clippers,LAC,0,0,NA,NA,NA,NA,NA,0,0,NA,NA,NA,NA,NA,23
21500418,297,4,0,3,11:58 PM,10:55,NA,NA,Ibaka REBOUND (Off:0 Def:5),NA,NA,5,201586,Serge Ibaka,1610612760,Oklahoma City,Thunder,OKC,0,0,NA,NA,NA,NA,NA,0,0,NA,NA,NA,NA,NA,26
21500418,298,2,1,3,11:58 PM,10:46,NA,NA,MISS Westbrook 9' Jump Shot,NA,NA,5,201566,Russell Westbrook,1610612760,Oklahoma City,Thunder,OKC,0,0,NA,NA,NA,NA,NA,0,0,NA,NA,NA,NA,NA,29
21500418,299,4,0,3,11:58 PM,10:43,Jordan REBOUND (Off:1 Def:5),NA,NA,NA,NA,4,201599,DeAndre Jordan,1610612746,LA,Clippers,LAC,0,0,NA,NA,NA,NA,NA,0,0,NA,NA,NA,NA,NA,5
21500418,300,2,1,3,11:58 PM,10:31,MISS Griffin 20' Jump Shot,NA,NA,NA,NA,4,201933,Blake Griffin,1610612746,LA,Clippers,LAC,0,0,NA,NA,NA,NA,NA,0,0,NA,NA,NA,NA,NA,8
21500418,301,4,0,3,11:58 PM,10:30,NA,NA,Adams REBOUND (Off:2 Def:4),NA,NA,5,203500,Steven Adams,1610612760,Oklahoma City,Thunder,OKC,0,0,NA,NA,NA,NA,NA,0,0,NA,NA,NA,NA,NA,11
21500418,302,2,1,3,11:59 PM,10:17,NA,NA,MISS Ibaka  3PT Jump Shot,NA,NA,5,201586,Serge Ibaka,1610612760,Oklahoma City,Thunder,OKC,0,0,NA,NA,NA,NA,NA,0,0,NA,NA,NA,NA,NA,14
21500418,303,4,0,3,11:59 PM,10:16,NA,NA,Thunder Rebound,NA,NA,3,1610612760,NA,NA,NA,NA,NA,0,0,NA,NA,NA,NA,NA,0,0,NA,NA,NA,NA,NA,17
21500418,305,2,1,3,11:59 PM,10:13,NA,NA,MISS Durant 12' Jump Shot,NA,NA,5,201142,Kevin Durant,1610612760,Oklahoma City,Thunder,OKC,0,0,NA,NA,NA,NA,NA,0,0,NA,NA,NA,NA,NA,20
21500418,306,4,0,3,11:59 PM,10:12,Jordan REBOUND (Off:1 Def:6),NA,NA,NA,NA,4,201599,DeAndre Jordan,1610612746,LA,Clippers,LAC,0,0,NA,NA,NA,NA,NA,0,0,NA,NA,NA,NA,NA,23
21500418,307,5,2,3,11:59 PM,10:10,Jordan Lost Ball Turnover (P1.T7),NA,Westbrook STEAL (2 STL),NA,NA,4,201599,DeAndre Jordan,1610612746,LA,Clippers,LAC,5,201566,Russell Westbrook,1610612760,Oklahoma City,Thunder,OKC,0,0,NA,NA,NA,NA,NA,26
21500418,308,2,1,3,11:59 PM,10:05,NA,NA,MISS Westbrook 24' 3PT Jump Shot,NA,NA,5,201566,Russell Westbrook,1610612760,Oklahoma City,Thunder,OKC,0,0,NA,NA,NA,NA,NA,0,0,NA,NA,NA,NA,NA,5
21500418,309,4,0,3,11:59 PM,10:05,Paul REBOUND (Off:1 Def:2),NA,NA,NA,NA,4,101108,Chris Paul,1610612746,LA,Clippers,LAC,0,0,NA,NA,NA,NA,NA,0,0,NA,NA,NA,NA,NA,8
21500418,311,1,1,3,11:59 PM,9:50,Paul  3PT Jump Shot (21 PTS),NA,NA,51 - 55,4,4,101108,Chris Paul,1610612746,LA,Clippers,LAC,0,0,NA,NA,NA,NA,NA,0,0,NA,NA,NA,NA,NA,11
21500418,312,2,1,3,12:00 AM,9:32,NA,NA,MISS Durant 12' Jump Shot,NA,NA,5,201142,Kevin Durant,1610612760,Oklahoma City,Thunder,OKC,0,0,NA,NA,NA,NA,NA,0,0,NA,NA,NA,NA,NA,14
21500418,313,4,0,3,12:00 AM,9:31,Jordan REBOUND (Off:1 Def:7),NA,NA,NA,NA,4,201599,DeAndre Jordan,1610612746,LA,Clippers,LAC,0,0,NA,NA,NA,NA,NA,0,0,NA,NA,NA,NA,NA,17
21500418,314,2,1,3,12:00 AM,9:24,MISS Paul 25' 3PT Jump Shot,NA,NA,NA,NA,4,101108,Chris Paul,1610612746,LA,Clippers,LAC,0,0,NA,NA,NA,NA,NA,0,0,NA,NA,NA,NA,NA,20
21500418,315,4,0,3,12:00 AM,9:21,Mbah a Moute REBOUND (Off:4 Def:1),NA,NA,NA,NA,4,201601,Luc Mbah a Moute,1610612746,LA,Clippers,LAC,0,0,NA,NA,NA,NA,NA,0,0,NA,NA,NA,NA,NA,23
21500418,316,5,1,3,12:00 AM,9:18,Mbah a Moute Bad Pass Turnover (P1.T8),NA,Durant STEAL (1 STL),NA,NA,4,201601,Luc Mbah a Moute,1610612746,LA,Clippers,LAC,5,201142,Kevin Durant,1610612760,Oklahoma City,Thunder,OKC,0,0,NA,NA,NA,NA,NA,26
21500418,317,1,49,3,12:00 AM,9:15,NA,NA,Durant  Driving Dunk (15 PTS),53 - 55,2,5,201142,Kevin Durant,1610612760,Oklahoma City,Thunder,OKC,0,0,NA,NA,NA,NA,NA,0,0,NA,NA,NA,NA,NA,29
21500418,318,6,1,3,12:00 AM,9:08,NA,NA,Westbrook P.FOUL (P3.T2) (J.Goble),NA,NA,5,201566,Russell Westbrook,1610612760,Oklahoma City,Thunder,OKC,4,101108,Chris Paul,1610612746,LA,Clippers,LAC,1,0,NA,NA,NA,NA,NA,5
21500418,319,1,1,3,12:00 AM,8:59,Redick 25' 3PT Jump Shot (12 PTS) (Paul 6 AST),NA,NA,53 - 58,5,4,200755,JJ Redick,1610612746,LA,Clippers,LAC,4,101108,Chris Paul,1610612746,LA,Clippers,LAC,0,0,NA,NA,NA,NA,NA,8
21500418,320,1,44,3,12:01 AM,8:46,NA,NA,Durant 2' Reverse Layup (17 PTS) (Westbrook 4 AST),55 - 58,3,5,201142,Kevin Durant,1610612760,Oklahoma City,Thunder,OKC,5,201566,Russell Westbrook,1610612760,Oklahoma City,Thunder,OKC,0,0,NA,NA,NA,NA,NA,11
21500418,321,2,5,3,12:01 AM,8:38,MISS Griffin 1' Layup,NA,NA,NA,NA,4,201933,Blake Griffin,1610612746,LA,Clippers,LAC,0,0,NA,NA,NA,NA,NA,0,0,NA,NA,NA,NA,NA,14
21500418,322,4,0,3,12:01 AM,8:37,NA,NA,Durant REBOUND (Off:0 Def:5),NA,NA,5,201142,Kevin Durant,1610612760,Oklahoma City,Thunder,OKC,0,0,NA,NA,NA,NA,NA,0,0,NA,NA,NA,NA,NA,17
21500418,323,2,1,3,12:01 AM,8:29,NA,NA,MISS Westbrook 11' Jump Shot,NA,NA,5,201566,Russell Westbrook,1610612760,Oklahoma City,Thunder,OKC,0,0,NA,NA,NA,NA,NA,0,0,NA,NA,NA,NA,NA,20
21500418,324,4,0,3,12:01 AM,8:28,NA,NA,Adams REBOUND (Off:3 Def:4),NA,NA,5,203500,Steven Adams,1610612760,Oklahoma City,Thunder,OKC,0,0,NA,NA,NA,NA,NA,0,0,NA,NA,NA,NA,NA,23
21500418,325,2,107,3,12:01 AM,8:25,NA,NA,MISS Adams  Tip Dunk Shot,NA,NA,5,203500,Steven Adams,1610612760,Oklahoma City,Thunder,OKC,0,0,NA,NA,NA,NA,NA,0,0,NA,NA,NA,NA,NA,26
21500418,326,4,0,3,12:01 AM,8:23,Mbah a Moute REBOUND (Off:4 Def:2),NA,NA,NA,NA,4,201601,Luc Mbah a Moute,1610612746,LA,Clippers,LAC,0,0,NA,NA,NA,NA,NA,0,0,NA,NA,NA,NA,NA,29
21500418,327,5,2,3,12:01 AM,8:21,Paul Lost Ball Turnover (P2.T9),NA,Durant STEAL (2 STL),NA,NA,4,101108,Chris Paul,1610612746,LA,Clippers,LAC,5,201142,Kevin Durant,1610612760,Oklahoma City,Thunder,OKC,0,0,NA,NA,NA,NA,NA,5
21500418,328,1,1,3,12:01 AM,8:15,NA,NA,Westbrook 24' 3PT Jump Shot (18 PTS) (Durant 3 AST),58 - 58,TIE,5,201566,Russell Westbrook,1610612760,Oklahoma City,Thunder,OKC,5,201142,Kevin Durant,1610612760,Oklahoma City,Thunder,OKC,0,0,NA,NA,NA,NA,NA,8
21500418,329,9,1,3,12:01 AM,8:15,CLIPPERS Timeout: Regular (Full 3 Short 1),NA,NA,NA,NA,2,1610612746,NA,NA,NA,NA,NA,0,0,NA,NA,NA,NA,NA,0,0,NA,NA,NA,NA,NA,11
21500418,331,1,7,3,12:04 AM,7:59,Griffin  Dunk (4 PTS) (Paul 7 AST),NA,NA,58 - 60,2,4,201933,Blake Griffin,1610612746,LA,Clippers,LAC,4,101108,Chris Paul,1610612746,LA,Clippers,LAC,0,0,NA,NA,NA,NA,NA,14
21500418,332,1,1,3,12:04 AM,7:43,NA,NA,Ibaka 18' Jump Shot (11 PTS) (Westbrook 5 AST),60 - 60,TIE,5,201586,Serge Ibaka,1610612760,Oklahoma City,Thunder,OKC,5,201566,Russell Westbrook,1610612760,Oklahoma City,Thunder,OKC,0,0,NA,NA,NA,NA,NA,17
21500418,333,2,1,3,12:04 AM,7:22,MISS Redick 18' Jump Shot,NA,NA,NA,NA,4,200755,JJ Redick,1610612746,LA,Clippers,LAC,0,0,NA,NA,NA,NA,NA,0,0,NA,NA,NA,NA,NA,20
21500418,334,4,0,3,12:05 AM,7:20,NA,NA,Adams REBOUND (Off:3 Def:5),NA,NA,5,203500,Steven Adams,1610612760,Oklahoma City,Thunder,OKC,0,0,NA,NA,NA,NA,NA,0,0,NA,NA,NA,NA,NA,23
21500418,335,1,42,3,12:05 AM,7:10,NA,NA,Westbrook 1' Driving Layup (20 PTS),62 - 60,-2,5,201566,Russell Westbrook,1610612760,Oklahoma City,Thunder,OKC,0,0,NA,NA,NA,NA,NA,0,0,NA,NA,NA,NA,NA,26
21500418,336,1,1,3,12:05 AM,6:45,Paul 25' 3PT Jump Shot (24 PTS) (Redick 2 AST),NA,NA,62 - 63,1,4,101108,Chris Paul,1610612746,LA,Clippers,LAC,4,200755,JJ Redick,1610612746,LA,Clippers,LAC,0,0,NA,NA,NA,NA,NA,5
21500418,337,2,1,3,12:05 AM,6:29,NA,NA,MISS Durant 10' Jump Shot,NA,NA,5,201142,Kevin Durant,1610612760,Oklahoma City,Thunder,OKC,0,0,NA,NA,NA,NA,NA,0,0,NA,NA,NA,NA,NA,8
21500418,338,4,0,3,12:05 AM,6:28,Mbah a Moute REBOUND (Off:4 Def:3),NA,NA,NA,NA,4,201601,Luc Mbah a Moute,1610612746,LA,Clippers,LAC,0,0,NA,NA,NA,NA,NA,0,0,NA,NA,NA,NA,NA,11
21500418,339,1,47,3,12:06 AM,6:16,Paul 10' Turnaround Jump Shot (26 PTS),NA,NA,62 - 65,3,4,101108,Chris Paul,1610612746,LA,Clippers,LAC,0,0,NA,NA,NA,NA,NA,0,0,NA,NA,NA,NA,NA,14
21500418,340,1,49,3,12:06 AM,5:53,NA,NA,Durant  Driving Dunk (19 PTS) (Ibaka 1 AST),64 - 65,1,5,201142,Kevin Durant,1610612760,Oklahoma City,Thunder,OKC,5,201586,Serge Ibaka,1610612760,Oklahoma City,Thunder,OKC,0,0,NA,NA,NA,NA,NA,17
21500418,341,1,42,3,12:06 AM,5:29,Griffin 1' Driving Layup (6 PTS),NA,NA,64 - 67,3,4,201933,Blake Griffin,1610612746,LA,Clippers,LAC,0,0,NA,NA,NA,NA,NA,0,0,NA,NA,NA,NA,NA,20
21500418,342,6,1,3,12:07 AM,5:17,Paul P.FOUL (P3.T2) (J.Goble),NA,NA,NA,NA,4,101108,Chris Paul,1610612746,LA,Clippers,LAC,5,201566,Russell Westbrook,1610612760,Oklahoma City,Thunder,OKC,1,0,NA,NA,NA,NA,NA,23
21500418,343,8,0,3,12:07 AM,5:17,NA,NA,SUB: Waiters FOR Durant,NA,NA,5,201142,Kevin Durant,1610612760,Oklahoma City,Thunder,OKC,5,203079,Dion Waiters,1610612760,Oklahoma City,Thunder,OKC,0,0,NA,NA,NA,NA,NA,26
21500418,344,2,1,3,12:07 AM,5:11,NA,NA,MISS Westbrook 25' 3PT Jump Shot,NA,NA,5,201566,Russell Westbrook,1610612760,Oklahoma City,Thunder,OKC,0,0,NA,NA,NA,NA,NA,0,0,NA,NA,NA,NA,NA,29
21500418,345,4,0,3,12:07 AM,5:11,Redick REBOUND (Off:0 Def:4),NA,NA,NA,NA,4,200755,JJ Redick,1610612746,LA,Clippers,LAC,0,0,NA,NA,NA,NA,NA,0,0,NA,NA,NA,NA,NA,5
21500418,346,1,1,3,12:07 AM,5:00,Griffin 21' Jump Shot (8 PTS) (Paul 8 AST),NA,NA,64 - 69,5,4,201933,Blake Griffin,1610612746,LA,Clippers,LAC,4,101108,Chris Paul,1610612746,LA,Clippers,LAC,0,0,NA,NA,NA,NA,NA,8
21500418,347,2,1,3,12:08 AM,4:46,NA,NA,MISS Waiters 24' 3PT Jump Shot,NA,NA,5,203079,Dion Waiters,1610612760,Oklahoma City,Thunder,OKC,0,0,NA,NA,NA,NA,NA,0,0,NA,NA,NA,NA,NA,11
21500418,348,4,0,3,12:08 AM,4:44,Griffin REBOUND (Off:0 Def:6),NA,NA,NA,NA,4,201933,Blake Griffin,1610612746,LA,Clippers,LAC,0,0,NA,NA,NA,NA,NA,0,0,NA,NA,NA,NA,NA,14
21500418,349,1,79,3,12:08 AM,4:35,Paul 13' Pullup Jump Shot (28 PTS),NA,NA,64 - 71,7,4,101108,Chris Paul,1610612746,LA,Clippers,LAC,0,0,NA,NA,NA,NA,NA,0,0,NA,NA,NA,NA,NA,17
21500418,350,9,1,3,12:08 AM,4:35,NA,NA,Thunder Timeout: Regular (Reg.3 Short 0),NA,NA,3,1610612760,NA,NA,NA,NA,NA,0,0,NA,NA,NA,NA,NA,0,0,NA,NA,NA,NA,NA,20
21500418,352,8,0,3,12:10 AM,4:35,SUB: Crawford FOR Mbah a Moute,NA,NA,NA,NA,4,201601,Luc Mbah a Moute,1610612746,LA,Clippers,LAC,4,2037,Jamal Crawford,1610612746,LA,Clippers,LAC,0,0,NA,NA,NA,NA,NA,23
21500418,353,1,79,3,12:11 AM,4:13,NA,NA,Westbrook 18' Pullup Jump Shot (22 PTS),66 - 71,5,5,201566,Russell Westbrook,1610612760,Oklahoma City,Thunder,OKC,0,0,NA,NA,NA,NA,NA,0,0,NA,NA,NA,NA,NA,26
21500418,354,2,1,3,12:11 AM,3:54,MISS Griffin 18' Jump Shot,NA,NA,NA,NA,4,201933,Blake Griffin,1610612746,LA,Clippers,LAC,0,0,NA,NA,NA,NA,NA,0,0,NA,NA,NA,NA,NA,29
21500418,355,4,0,3,12:11 AM,3:54,NA,NA,Westbrook REBOUND (Off:1 Def:3),NA,NA,5,201566,Russell Westbrook,1610612760,Oklahoma City,Thunder,OKC,0,0,NA,NA,NA,NA,NA,0,0,NA,NA,NA,NA,NA,5
21500418,358,5,2,3,12:11 AM,3:48,Paul STEAL (1 STL),NA,Westbrook Lost Ball Turnover (P1.T7),NA,NA,5,201566,Russell Westbrook,1610612760,Oklahoma City,Thunder,OKC,4,101108,Chris Paul,1610612746,LA,Clippers,LAC,0,0,NA,NA,NA,NA,NA,8
21500418,359,6,3,3,12:11 AM,3:48,NA,NA,Westbrook L.B.FOUL (P4.T3) (R.Garretson),NA,NA,5,201566,Russell Westbrook,1610612760,Oklahoma City,Thunder,OKC,4,200755,JJ Redick,1610612746,LA,Clippers,LAC,1,0,NA,NA,NA,NA,NA,11
21500418,360,8,0,3,12:12 AM,3:48,NA,NA,SUB: Augustin FOR Roberson,NA,NA,5,203460,Andre Roberson,1610612760,Oklahoma City,Thunder,OKC,5,201571,D.J. Augustin,1610612760,Oklahoma City,Thunder,OKC,0,0,NA,NA,NA,NA,NA,14
21500418,361,8,0,3,12:12 AM,3:48,NA,NA,SUB: Durant FOR Westbrook,NA,NA,5,201566,Russell Westbrook,1610612760,Oklahoma City,Thunder,OKC,5,201142,Kevin Durant,1610612760,Oklahoma City,Thunder,OKC,0,0,NA,NA,NA,NA,NA,17
21500418,362,1,1,3,12:12 AM,3:33,Redick 24' 3PT Jump Shot (15 PTS) (Paul 9 AST),NA,NA,66 - 74,8,4,200755,JJ Redick,1610612746,LA,Clippers,LAC,4,101108,Chris Paul,1610612746,LA,Clippers,LAC,0,0,NA,NA,NA,NA,NA,20
21500418,363,1,42,3,12:12 AM,3:09,NA,NA,Waiters 1' Driving Layup (7 PTS) (Durant 4 AST),68 - 74,6,5,203079,Dion Waiters,1610612760,Oklahoma City,Thunder,OKC,5,201142,Kevin Durant,1610612760,Oklahoma City,Thunder,OKC,0,0,NA,NA,NA,NA,NA,23
21500418,364,2,1,3,12:13 AM,2:44,MISS Paul 26' 3PT Jump Shot,NA,NA,NA,NA,4,101108,Chris Paul,1610612746,LA,Clippers,LAC,0,0,NA,NA,NA,NA,NA,0,0,NA,NA,NA,NA,NA,26
21500418,365,4,0,3,12:13 AM,2:43,NA,NA,Durant REBOUND (Off:0 Def:6),NA,NA,5,201142,Kevin Durant,1610612760,Oklahoma City,Thunder,OKC,0,0,NA,NA,NA,NA,NA,0,0,NA,NA,NA,NA,NA,5
21500418,366,2,1,3,12:13 AM,2:36,NA,NA,MISS Durant 25' 3PT Jump Shot,NA,NA,5,201142,Kevin Durant,1610612760,Oklahoma City,Thunder,OKC,0,0,NA,NA,NA,NA,NA,0,0,NA,NA,NA,NA,NA,8
21500418,367,4,0,3,12:13 AM,2:36,Paul REBOUND (Off:1 Def:3),NA,NA,NA,NA,4,101108,Chris Paul,1610612746,LA,Clippers,LAC,0,0,NA,NA,NA,NA,NA,0,0,NA,NA,NA,NA,NA,11
21500418,369,8,0,3,12:13 AM,2:34,SUB: Aldrich FOR Jordan,NA,NA,NA,NA,4,201599,DeAndre Jordan,1610612746,LA,Clippers,LAC,4,202332,Cole Aldrich,1610612746,LA,Clippers,LAC,0,0,NA,NA,NA,NA,NA,14
21500418,370,8,0,3,12:13 AM,2:34,SUB: Stephenson FOR Redick,NA,NA,NA,NA,4,200755,JJ Redick,1610612746,LA,Clippers,LAC,4,202362,Lance Stephenson,1610612746,LA,Clippers,LAC,0,0,NA,NA,NA,NA,NA,17
21500418,371,8,0,3,12:13 AM,2:34,SUB: Prigioni FOR Paul,NA,NA,NA,NA,4,101108,Chris Paul,1610612746,LA,Clippers,LAC,4,203143,Pablo Prigioni,1610612746,LA,Clippers,LAC,0,0,NA,NA,NA,NA,NA,20
21500418,372,2,1,3,12:13 AM,2:24,MISS Crawford 24' 3PT Jump Shot,NA,NA,NA,NA,4,2037,Jamal Crawford,1610612746,LA,Clippers,LAC,0,0,NA,NA,NA,NA,NA,0,0,NA,NA,NA,NA,NA,23
21500418,373,4,0,3,12:13 AM,2:23,NA,NA,Thunder Rebound,NA,NA,3,1610612760,NA,NA,NA,NA,NA,0,0,NA,NA,NA,NA,NA,0,0,NA,NA,NA,NA,NA,26
21500418,374,8,0,3,12:14 AM,2:23,NA,NA,SUB: Kanter FOR Adams,NA,NA,5,203500,Steven Adams,1610612760,Oklahoma City,Thunder,OKC,5,202683,Enes Kanter,1610612760,Oklahoma City,Thunder,OKC,0,0,NA,NA,NA,NA,NA,29
21500418,376,2,5,3,12:14 AM,2:00,NA,NA,MISS Durant 2' Layup,NA,NA,5,201142,Kevin Durant,1610612760,Oklahoma City,Thunder,OKC,0,0,NA,NA,NA,NA,NA,0,0,NA,NA,NA,NA,NA,5
21500418,377,4,0,3,12:14 AM,2:00,NA,NA,Ibaka REBOUND (Off:1 Def:5),NA,NA,5,201586,Serge Ibaka,1610612760,Oklahoma City,Thunder,OKC,0,0,NA,NA,NA,NA,NA,0,0,NA,NA,NA,NA,NA,8
21500418,378,1,7,3,12:14 AM,1:57,NA,NA,Ibaka  Dunk (13 PTS),70 - 74,4,5,201586,Serge Ibaka,1610612760,Oklahoma City,Thunder,OKC,0,0,NA,NA,NA,NA,NA,0,0,NA,NA,NA,NA,NA,11
21500418,379,2,1,3,12:15 AM,1:42,MISS Griffin 17' Jump Shot,NA,NA,NA,NA,4,201933,Blake Griffin,1610612746,LA,Clippers,LAC,0,0,NA,NA,NA,NA,NA,0,0,NA,NA,NA,NA,NA,14
21500418,380,4,0,3,12:15 AM,1:41,NA,NA,Kanter REBOUND (Off:0 Def:2),NA,NA,5,202683,Enes Kanter,1610612760,Oklahoma City,Thunder,OKC,0,0,NA,NA,NA,NA,NA,0,0,NA,NA,NA,NA,NA,17
21500418,381,1,78,3,12:15 AM,1:27,NA,NA,Waiters 4' Floating Jump Shot (9 PTS),72 - 74,2,5,203079,Dion Waiters,1610612760,Oklahoma City,Thunder,OKC,0,0,NA,NA,NA,NA,NA,0,0,NA,NA,NA,NA,NA,20
21500418,382,1,80,3,12:15 AM,1:06,Stephenson 15' Step Back Jump Shot (4 PTS),NA,NA,72 - 76,4,4,202362,Lance Stephenson,1610612746,LA,Clippers,LAC,0,0,NA,NA,NA,NA,NA,0,0,NA,NA,NA,NA,NA,23
21500418,383,6,1,3,12:16 AM,0:51,Stephenson P.FOUL (P2.T3) (N.Buchert),NA,NA,NA,NA,4,202362,Lance Stephenson,1610612746,LA,Clippers,LAC,5,201586,Serge Ibaka,1610612760,Oklahoma City,Thunder,OKC,1,0,NA,NA,NA,NA,NA,26
21500418,384,2,1,3,12:16 AM,0:45,NA,NA,MISS Durant 25' 3PT Jump Shot,NA,NA,5,201142,Kevin Durant,1610612760,Oklahoma City,Thunder,OKC,0,0,NA,NA,NA,NA,NA,0,0,NA,NA,NA,NA,NA,29
21500418,385,4,0,3,12:16 AM,0:44,Aldrich REBOUND (Off:0 Def:3),NA,NA,NA,NA,4,202332,Cole Aldrich,1610612746,LA,Clippers,LAC,0,0,NA,NA,NA,NA,NA,0,0,NA,NA,NA,NA,NA,5
21500418,386,6,2,3,12:17 AM,0:35,NA,NA,Kanter S.FOUL (P1.T4) (N.Buchert),NA,NA,5,202683,Enes Kanter,1610612760,Oklahoma City,Thunder,OKC,4,201933,Blake Griffin,1610612746,LA,Clippers,LAC,1,0,NA,NA,NA,NA,NA,8
21500418,387,3,11,3,12:17 AM,0:35,Griffin Free Throw 1 of 2 (9 PTS),NA,NA,72 - 77,5,4,201933,Blake Griffin,1610612746,LA,Clippers,LAC,0,0,NA,NA,NA,NA,NA,0,0,NA,NA,NA,NA,NA,11
21500418,389,8,0,3,12:17 AM,0:35,SUB: Mbah a Moute FOR Crawford,NA,NA,NA,NA,4,2037,Jamal Crawford,1610612746,LA,Clippers,LAC,4,201601,Luc Mbah a Moute,1610612746,LA,Clippers,LAC,0,0,NA,NA,NA,NA,NA,14
21500418,390,3,12,3,12:17 AM,0:35,MISS Griffin Free Throw 2 of 2,NA,NA,NA,NA,4,201933,Blake Griffin,1610612746,LA,Clippers,LAC,0,0,NA,NA,NA,NA,NA,0,0,NA,NA,NA,NA,NA,17
21500418,392,4,0,3,12:17 AM,0:34,NA,NA,Durant REBOUND (Off:0 Def:7),NA,NA,5,201142,Kevin Durant,1610612760,Oklahoma City,Thunder,OKC,0,0,NA,NA,NA,NA,NA,0,0,NA,NA,NA,NA,NA,20
21500418,393,2,1,3,12:18 AM,0:23,NA,NA,MISS Kanter 17' Jump Shot,NA,NA,5,202683,Enes Kanter,1610612760,Oklahoma City,Thunder,OKC,0,0,NA,NA,NA,NA,NA,0,0,NA,NA,NA,NA,NA,23
21500418,394,4,0,3,12:18 AM,0:22,Mbah a Moute REBOUND (Off:4 Def:4),NA,NA,NA,NA,4,201601,Luc Mbah a Moute,1610612746,LA,Clippers,LAC,0,0,NA,NA,NA,NA,NA,0,0,NA,NA,NA,NA,NA,26
21500418,395,5,2,3,12:18 AM,0:00,Mbah a Moute Lost Ball Turnover (P2.T10),NA,Ibaka STEAL (2 STL),NA,NA,4,201601,Luc Mbah a Moute,1610612746,LA,Clippers,LAC,5,201586,Serge Ibaka,1610612760,Oklahoma City,Thunder,OKC,0,0,NA,NA,NA,NA,NA,5
21500418,396,13,0,3,12:18 AM,0:00,NA,NA,NA,72 - 77,5,0,0,NA,NA,NA,NA,NA,0,0,NA,NA,NA,NA,NA,0,0,NA,NA,NA,NA,NA,8
21500418,398,12,0,4,12:21 AM,12:00,NA,NA,NA,72 - 77,5,0,0,NA,NA,NA,NA,NA,0,0,NA,NA,NA,NA,NA,0,0,NA,NA,NA,NA,NA,11
21500418,399,1,5,4,12:21 AM,11:47,NA,NA,Kanter 1' Layup (2 PTS) (Augustin 1 AST),74 - 77,3,5,202683,Enes Kanter,1610612760,Oklahoma City,Thunder,OKC,5,201571,D.J. Augustin,1610612760,Oklahoma City,Thunder,OKC,0,0,NA,NA,NA,NA,NA,14
21500418,400,1,63,4,12:21 AM,11:24,Stephenson 9' Fadeaway Jumper (6 PTS) (Prigioni 2 AST),NA,NA,74 - 79,5,4,202362,Lance Stephenson,1610612746,LA,Clippers,LAC,4,203143,Pablo Prigioni,1610612746,LA,Clippers,LAC,0,0,NA,NA,NA,NA,NA,17
21500418,401,5,1,4,12:22 AM,11:09,Stephenson STEAL (1 STL),NA,Augustin Bad Pass Turnover (P1.T8),NA,NA,5,201571,D.J. Augustin,1610612760,Oklahoma City,Thunder,OKC,4,202362,Lance Stephenson,1610612746,LA,Clippers,LAC,0,0,NA,NA,NA,NA,NA,20
21500418,402,1,75,4,12:22 AM,11:03,Stephenson 2' Driving Finger Roll Layup (8 PTS),NA,NA,74 - 81,7,4,202362,Lance Stephenson,1610612746,LA,Clippers,LAC,0,0,NA,NA,NA,NA,NA,0,0,NA,NA,NA,NA,NA,23
21500418,403,6,17,4,12:22 AM,10:51,CLIPPERS T.Foul (Def. 3 Sec Aldrich ) (N.Buchert),NA,NA,NA,NA,4,202332,Cole Aldrich,1610612746,LA,Clippers,LAC,0,0,NA,NA,NA,NA,NA,1,0,NA,NA,NA,NA,NA,26
21500418,404,3,16,4,12:22 AM,10:51,NA,NA,Durant Free Throw Technical (20 PTS),75 - 81,6,5,201142,Kevin Durant,1610612760,Oklahoma City,Thunder,OKC,0,0,NA,NA,NA,NA,NA,0,0,NA,NA,NA,NA,NA,29
21500418,406,8,0,4,12:22 AM,10:51,NA,NA,SUB: Westbrook FOR Augustin,NA,NA,5,201571,D.J. Augustin,1610612760,Oklahoma City,Thunder,OKC,5,201566,Russell Westbrook,1610612760,Oklahoma City,Thunder,OKC,0,0,NA,NA,NA,NA,NA,5
21500418,407,2,5,4,12:23 AM,10:44,Aldrich BLOCK (2 BLK),NA,MISS Westbrook 1' Layup,NA,NA,5,201566,Russell Westbrook,1610612760,Oklahoma City,Thunder,OKC,0,0,NA,NA,NA,NA,NA,4,202332,Cole Aldrich,1610612746,LA,Clippers,LAC,8
21500418,408,4,0,4,12:23 AM,10:42,Stephenson REBOUND (Off:0 Def:3),NA,NA,NA,NA,4,202362,Lance Stephenson,1610612746,LA,Clippers,LAC,0,0,NA,NA,NA,NA,NA,0,0,NA,NA,NA,NA,NA,11
21500418,409,1,7,4,12:23 AM,10:34,Aldrich  Dunk (5 PTS) (W. Johnson 1 AST),NA,NA,75 - 83,8,4,202332,Cole Aldrich,1610612746,LA,Clippers,LAC,4,202325,Wesley Johnson,1610612746,LA,Clippers,LAC,0,0,NA,NA,NA,NA,NA,14
21500418,410,6,1,4,12:23 AM,10:20,Stephenson P.FOUL (P3.T1) (J.Goble),NA,NA,NA,NA,4,202362,Lance Stephenson,1610612746,LA,Clippers,LAC,5,201142,Kevin Durant,1610612760,Oklahoma City,Thunder,OKC,1,0,NA,NA,NA,NA,NA,17
21500418,411,1,5,4,12:23 AM,10:16,NA,NA,Kanter 1' Layup (4 PTS) (Durant 5 AST),77 - 83,6,5,202683,Enes Kanter,1610612760,Oklahoma City,Thunder,OKC,5,201142,Kevin Durant,1610612760,Oklahoma City,Thunder,OKC,0,0,NA,NA,NA,NA,NA,20
21500418,412,2,1,4,12:24 AM,9:57,MISS W. Johnson 4' Jump Shot,NA,Durant BLOCK (1 BLK),NA,NA,4,202325,Wesley Johnson,1610612746,LA,Clippers,LAC,0,0,NA,NA,NA,NA,NA,5,201142,Kevin Durant,1610612760,Oklahoma City,Thunder,OKC,23
21500418,413,4,0,4,12:24 AM,9:55,NA,NA,Durant REBOUND (Off:0 Def:8),NA,NA,5,201142,Kevin Durant,1610612760,Oklahoma City,Thunder,OKC,0,0,NA,NA,NA,NA,NA,0,0,NA,NA,NA,NA,NA,26
21500418,414,1,81,4,12:24 AM,9:50,NA,NA,Westbrook 13' Pullup Bank Shot (24 PTS),79 - 83,4,5,201566,Russell Westbrook,1610612760,Oklahoma City,Thunder,OKC,0,0,NA,NA,NA,NA,NA,0,0,NA,NA,NA,NA,NA,29
21500418,415,1,1,4,12:24 AM,9:26,Crawford 21' Jump Shot (6 PTS),NA,NA,79 - 85,6,4,2037,Jamal Crawford,1610612746,LA,Clippers,LAC,0,0,NA,NA,NA,NA,NA,0,0,NA,NA,NA,NA,NA,5
21500418,416,5,1,4,12:24 AM,9:22,Prigioni STEAL (1 STL),NA,Kanter Bad Pass Turnover (P2.T9),NA,NA,5,202683,Enes Kanter,1610612760,Oklahoma City,Thunder,OKC,4,203143,Pablo Prigioni,1610612746,LA,Clippers,LAC,0,0,NA,NA,NA,NA,NA,8
21500418,418,2,1,4,12:25 AM,8:56,MISS W. Johnson 27' 3PT Jump Shot,NA,NA,NA,NA,4,202325,Wesley Johnson,1610612746,LA,Clippers,LAC,0,0,NA,NA,NA,NA,NA,0,0,NA,NA,NA,NA,NA,11
21500418,419,4,0,4,12:25 AM,8:55,NA,NA,Kanter REBOUND (Off:0 Def:3),NA,NA,5,202683,Enes Kanter,1610612760,Oklahoma City,Thunder,OKC,0,0,NA,NA,NA,NA,NA,0,0,NA,NA,NA,NA,NA,14
21500418,420,2,1,4,12:25 AM,8:39,NA,NA,MISS Westbrook 17' Jump Shot,NA,NA,5,201566,Russell Westbrook,1610612760,Oklahoma City,Thunder,OKC,0,0,NA,NA,NA,NA,NA,0,0,NA,NA,NA,NA,NA,17
21500418,421,4,0,4,12:26 AM,8:37,NA,NA,Durant REBOUND (Off:1 Def:8),NA,NA,5,201142,Kevin Durant,1610612760,Oklahoma City,Thunder,OKC,0,0,NA,NA,NA,NA,NA,0,0,NA,NA,NA,NA,NA,20
21500418,422,2,1,4,12:26 AM,8:32,NA,NA,MISS Waiters  3PT Jump Shot,NA,NA,5,203079,Dion Waiters,1610612760,Oklahoma City,Thunder,OKC,0,0,NA,NA,NA,NA,NA,0,0,NA,NA,NA,NA,NA,23
21500418,423,4,0,4,12:26 AM,8:31,Stephenson REBOUND (Off:0 Def:4),NA,NA,NA,NA,4,202362,Lance Stephenson,1610612746,LA,Clippers,LAC,0,0,NA,NA,NA,NA,NA,0,0,NA,NA,NA,NA,NA,26
21500418,424,5,40,4,12:26 AM,8:23,Stephenson Out of Bounds Lost Ball Turnover (P4.T11),NA,NA,NA,NA,4,202362,Lance Stephenson,1610612746,LA,Clippers,LAC,0,0,NA,NA,NA,NA,NA,0,0,NA,NA,NA,NA,NA,5
21500418,425,9,4,4,12:26 AM,8:23,NA,NA,NA,NA,NA,1,0,NA,NA,NA,NA,NA,0,0,NA,NA,NA,NA,NA,0,0,NA,NA,NA,NA,NA,8
21500418,427,8,0,4,12:28 AM,8:23,NA,NA,SUB: Morrow FOR Durant,NA,NA,5,201142,Kevin Durant,1610612760,Oklahoma City,Thunder,OKC,5,201627,Anthony Morrow,1610612760,Oklahoma City,Thunder,OKC,0,0,NA,NA,NA,NA,NA,11
21500418,428,8,0,4,12:28 AM,8:23,NA,NA,SUB: Adams FOR Kanter,NA,NA,5,202683,Enes Kanter,1610612760,Oklahoma City,Thunder,OKC,5,203500,Steven Adams,1610612760,Oklahoma City,Thunder,OKC,0,0,NA,NA,NA,NA,NA,14
21500418,429,8,0,4,12:28 AM,8:23,SUB: Paul FOR Prigioni,NA,NA,NA,NA,4,203143,Pablo Prigioni,1610612746,LA,Clippers,LAC,4,101108,Chris Paul,1610612746,LA,Clippers,LAC,0,0,NA,NA,NA,NA,NA,17
21500418,430,2,1,4,12:29 AM,8:04,NA,NA,MISS Westbrook 4' Jump Shot,NA,NA,5,201566,Russell Westbrook,1610612760,Oklahoma City,Thunder,OKC,0,0,NA,NA,NA,NA,NA,0,0,NA,NA,NA,NA,NA,20
21500418,431,4,0,4,12:29 AM,8:03,Aldrich REBOUND (Off:0 Def:4),NA,NA,NA,NA,4,202332,Cole Aldrich,1610612746,LA,Clippers,LAC,0,0,NA,NA,NA,NA,NA,0,0,NA,NA,NA,NA,NA,23
21500418,432,2,1,4,12:29 AM,7:46,MISS Crawford 19' Jump Shot,NA,NA,NA,NA,4,2037,Jamal Crawford,1610612746,LA,Clippers,LAC,0,0,NA,NA,NA,NA,NA,0,0,NA,NA,NA,NA,NA,26
21500418,433,4,0,4,12:29 AM,7:46,NA,NA,Waiters REBOUND (Off:0 Def:1),NA,NA,5,203079,Dion Waiters,1610612760,Oklahoma City,Thunder,OKC,0,0,NA,NA,NA,NA,NA,0,0,NA,NA,NA,NA,NA,29
21500418,434,1,49,4,12:29 AM,7:41,NA,NA,Adams  Driving Dunk (4 PTS) (Waiters 3 AST),81 - 85,4,5,203500,Steven Adams,1610612760,Oklahoma City,Thunder,OKC,5,203079,Dion Waiters,1610612760,Oklahoma City,Thunder,OKC,0,0,NA,NA,NA,NA,NA,5
21500418,435,1,78,4,12:29 AM,7:23,Stephenson 5' Floating Jump Shot (10 PTS),NA,NA,81 - 87,6,4,202362,Lance Stephenson,1610612746,LA,Clippers,LAC,0,0,NA,NA,NA,NA,NA,0,0,NA,NA,NA,NA,NA,8
21500418,436,2,81,4,12:29 AM,7:07,NA,NA,MISS Westbrook 12' Pullup Bank Shot,NA,NA,5,201566,Russell Westbrook,1610612760,Oklahoma City,Thunder,OKC,0,0,NA,NA,NA,NA,NA,0,0,NA,NA,NA,NA,NA,11
21500418,437,4,0,4,12:29 AM,7:07,Paul REBOUND (Off:1 Def:4),NA,NA,NA,NA,4,101108,Chris Paul,1610612746,LA,Clippers,LAC,0,0,NA,NA,NA,NA,NA,0,0,NA,NA,NA,NA,NA,14
21500418,438,5,2,4,12:30 AM,6:47,Aldrich Lost Ball Turnover (P1.T12),NA,Singler STEAL (1 STL),NA,NA,4,202332,Cole Aldrich,1610612746,LA,Clippers,LAC,5,202713,Kyle Singler,1610612760,Oklahoma City,Thunder,OKC,0,0,NA,NA,NA,NA,NA,17
21500418,439,1,79,4,12:30 AM,6:29,NA,NA,Westbrook 14' Pullup Jump Shot (26 PTS),83 - 87,4,5,201566,Russell Westbrook,1610612760,Oklahoma City,Thunder,OKC,0,0,NA,NA,NA,NA,NA,0,0,NA,NA,NA,NA,NA,20
21500418,440,1,1,4,12:30 AM,6:11,Crawford 5' Jump Shot (8 PTS),NA,NA,83 - 89,6,4,2037,Jamal Crawford,1610612746,LA,Clippers,LAC,0,0,NA,NA,NA,NA,NA,0,0,NA,NA,NA,NA,NA,23
21500418,441,9,1,4,12:31 AM,6:11,NA,NA,Thunder Timeout: Regular (Reg.4 Short 0),NA,NA,3,1610612760,NA,NA,NA,NA,NA,0,0,NA,NA,NA,NA,NA,0,0,NA,NA,NA,NA,NA,26
21500418,443,8,0,4,12:32 AM,6:11,NA,NA,SUB: Durant FOR Morrow,NA,NA,5,201627,Anthony Morrow,1610612760,Oklahoma City,Thunder,OKC,5,201142,Kevin Durant,1610612760,Oklahoma City,Thunder,OKC,0,0,NA,NA,NA,NA,NA,29
21500418,444,8,0,4,12:32 AM,6:11,NA,NA,SUB: Ibaka FOR Singler,NA,NA,5,202713,Kyle Singler,1610612760,Oklahoma City,Thunder,OKC,5,201586,Serge Ibaka,1610612760,Oklahoma City,Thunder,OKC,0,0,NA,NA,NA,NA,NA,5
21500418,445,8,0,4,12:33 AM,6:11,SUB: Griffin FOR W. Johnson,NA,NA,NA,NA,4,202325,Wesley Johnson,1610612746,LA,Clippers,LAC,4,201933,Blake Griffin,1610612746,LA,Clippers,LAC,0,0,NA,NA,NA,NA,NA,8
21500418,446,8,0,4,12:33 AM,6:11,SUB: Jordan FOR Aldrich,NA,NA,NA,NA,4,202332,Cole Aldrich,1610612746,LA,Clippers,LAC,4,201599,DeAndre Jordan,1610612746,LA,Clippers,LAC,0,0,NA,NA,NA,NA,NA,11
21500418,447,1,52,4,12:33 AM,5:59,NA,NA,Adams  Alley Oop Dunk (6 PTS) (Westbrook 6 AST),85 - 89,4,5,203500,Steven Adams,1610612760,Oklahoma City,Thunder,OKC,5,201566,Russell Westbrook,1610612760,Oklahoma City,Thunder,OKC,0,0,NA,NA,NA,NA,NA,14
21500418,448,2,1,4,12:33 AM,5:34,MISS Crawford 16' Jump Shot,NA,NA,NA,NA,4,2037,Jamal Crawford,1610612746,LA,Clippers,LAC,0,0,NA,NA,NA,NA,NA,0,0,NA,NA,NA,NA,NA,17
21500418,449,4,0,4,12:33 AM,5:33,NA,NA,Waiters REBOUND (Off:0 Def:2),NA,NA,5,203079,Dion Waiters,1610612760,Oklahoma City,Thunder,OKC,0,0,NA,NA,NA,NA,NA,0,0,NA,NA,NA,NA,NA,20
21500418,450,6,2,4,12:34 AM,5:21,Crawford S.FOUL (P3.T2) (N.Buchert),NA,NA,NA,NA,4,2037,Jamal Crawford,1610612746,LA,Clippers,LAC,5,201566,Russell Westbrook,1610612760,Oklahoma City,Thunder,OKC,1,0,NA,NA,NA,NA,NA,23
21500418,451,3,11,4,12:34 AM,5:21,NA,NA,Westbrook Free Throw 1 of 2 (27 PTS),86 - 89,3,5,201566,Russell Westbrook,1610612760,Oklahoma City,Thunder,OKC,0,0,NA,NA,NA,NA,NA,0,0,NA,NA,NA,NA,NA,26
21500418,453,3,12,4,12:34 AM,5:21,NA,NA,Westbrook Free Throw 2 of 2 (28 PTS),87 - 89,2,5,201566,Russell Westbrook,1610612760,Oklahoma City,Thunder,OKC,0,0,NA,NA,NA,NA,NA,0,0,NA,NA,NA,NA,NA,5
21500418,455,2,5,4,12:35 AM,5:00,MISS Griffin 2' Layup,NA,Adams BLOCK (1 BLK),NA,NA,4,201933,Blake Griffin,1610612746,LA,Clippers,LAC,0,0,NA,NA,NA,NA,NA,5,203500,Steven Adams,1610612760,Oklahoma City,Thunder,OKC,8
21500418,456,4,0,4,12:35 AM,4:59,NA,NA,Ibaka REBOUND (Off:1 Def:6),NA,NA,5,201586,Serge Ibaka,1610612760,Oklahoma City,Thunder,OKC,0,0,NA,NA,NA,NA,NA,0,0,NA,NA,NA,NA,NA,11
21500418,457,1,1,4,12:35 AM,4:51,NA,NA,Ibaka 18' Jump Shot (15 PTS) (Durant 6 AST),89 - 89,TIE,5,201586,Serge Ibaka,1610612760,Oklahoma City,Thunder,OKC,5,201142,Kevin Durant,1610612760,Oklahoma City,Thunder,OKC,0,0,NA,NA,NA,NA,NA,14
21500418,458,1,1,4,12:35 AM,4:25,Griffin 20' Jump Shot (11 PTS),NA,NA,89 - 91,2,4,201933,Blake Griffin,1610612746,LA,Clippers,LAC,0,0,NA,NA,NA,NA,NA,0,0,NA,NA,NA,NA,NA,17
21500418,459,1,86,4,12:36 AM,4:04,NA,NA,Durant 10' Turnaround Fadeaway (22 PTS),91 - 91,TIE,5,201142,Kevin Durant,1610612760,Oklahoma City,Thunder,OKC,0,0,NA,NA,NA,NA,NA,0,0,NA,NA,NA,NA,NA,20
21500418,460,1,79,4,12:36 AM,3:44,Paul 4' Pullup Jump Shot (30 PTS),NA,NA,91 - 93,2,4,101108,Chris Paul,1610612746,LA,Clippers,LAC,0,0,NA,NA,NA,NA,NA,0,0,NA,NA,NA,NA,NA,23
21500418,461,2,1,4,12:36 AM,3:25,NA,NA,MISS Ibaka 7' Jump Shot,NA,NA,5,201586,Serge Ibaka,1610612760,Oklahoma City,Thunder,OKC,0,0,NA,NA,NA,NA,NA,0,0,NA,NA,NA,NA,NA,26
21500418,462,4,0,4,12:36 AM,3:25,NA,NA,Adams REBOUND (Off:4 Def:5),NA,NA,5,203500,Steven Adams,1610612760,Oklahoma City,Thunder,OKC,0,0,NA,NA,NA,NA,NA,0,0,NA,NA,NA,NA,NA,29
21500418,463,1,1,4,12:37 AM,3:13,NA,NA,Ibaka 12' Jump Shot (17 PTS) (Westbrook 7 AST),93 - 93,TIE,5,201586,Serge Ibaka,1610612760,Oklahoma City,Thunder,OKC,5,201566,Russell Westbrook,1610612760,Oklahoma City,Thunder,OKC,0,0,NA,NA,NA,NA,NA,5
21500418,464,2,1,4,12:37 AM,2:49,MISS Paul 16' Jump Shot,NA,NA,NA,NA,4,101108,Chris Paul,1610612746,LA,Clippers,LAC,0,0,NA,NA,NA,NA,NA,0,0,NA,NA,NA,NA,NA,8
21500418,465,4,0,4,12:37 AM,2:48,Jordan REBOUND (Off:2 Def:7),NA,NA,NA,NA,4,201599,DeAndre Jordan,1610612746,LA,Clippers,LAC,0,0,NA,NA,NA,NA,NA,0,0,NA,NA,NA,NA,NA,11
21500418,466,2,1,4,12:37 AM,2:32,MISS Stephenson  3PT Jump Shot,NA,NA,NA,NA,4,202362,Lance Stephenson,1610612746,LA,Clippers,LAC,0,0,NA,NA,NA,NA,NA,0,0,NA,NA,NA,NA,NA,14
21500418,467,4,0,4,12:37 AM,2:32,NA,NA,Westbrook REBOUND (Off:1 Def:4),NA,NA,5,201566,Russell Westbrook,1610612760,Oklahoma City,Thunder,OKC,0,0,NA,NA,NA,NA,NA,0,0,NA,NA,NA,NA,NA,17
21500418,468,2,5,4,12:37 AM,2:28,NA,NA,MISS Durant 1' Layup,NA,NA,5,201142,Kevin Durant,1610612760,Oklahoma City,Thunder,OKC,0,0,NA,NA,NA,NA,NA,0,0,NA,NA,NA,NA,NA,20
21500418,469,4,0,4,12:37 AM,2:28,NA,NA,Ibaka REBOUND (Off:2 Def:6),NA,NA,5,201586,Serge Ibaka,1610612760,Oklahoma City,Thunder,OKC,0,0,NA,NA,NA,NA,NA,0,0,NA,NA,NA,NA,NA,23
21500418,471,5,20,4,12:38 AM,2:28,NA,NA,Ibaka Illegal Assist Turnover (P1.T10),NA,NA,5,201586,Serge Ibaka,1610612760,Oklahoma City,Thunder,OKC,0,0,NA,NA,NA,NA,NA,1,0,NA,NA,NA,NA,NA,26
21500418,473,9,1,4,12:38 AM,2:28,CLIPPERS Timeout: Regular (Full 4 Short 1),NA,NA,NA,NA,2,1610612746,NA,NA,NA,NA,NA,0,0,NA,NA,NA,NA,NA,0,0,NA,NA,NA,NA,NA,29
21500418,475,8,0,4,12:40 AM,2:28,SUB: Redick FOR Crawford,NA,NA,NA,NA,4,2037,Jamal Crawford,1610612746,LA,Clippers,LAC,4,200755,JJ Redick,1610612746,LA,Clippers,LAC,0,0,NA,NA,NA,NA,NA,5
21500418,476,8,0,4,12:40 AM,2:28,SUB: Mbah a Moute FOR Stephenson,NA,NA,NA,NA,4,202362,Lance Stephenson,1610612746,LA,Clippers,LAC,4,201601,Luc Mbah a Moute,1610612746,LA,Clippers,LAC,0,0,NA,NA,NA,NA,NA,8
21500418,478,1,83,4,12:40 AM,2:08,Griffin 8' Fadeaway Bank Shot (13 PTS),NA,NA,93 - 95,2,4,201933,Blake Griffin,1610612746,LA,Clippers,LAC,0,0,NA,NA,NA,NA,NA,0,0,NA,NA,NA,NA,NA,11
21500418,479,2,1,4,12:41 AM,1:52,NA,NA,MISS Durant 25' 3PT Jump Shot,NA,NA,5,201142,Kevin Durant,1610612760,Oklahoma City,Thunder,OKC,0,0,NA,NA,NA,NA,NA,0,0,NA,NA,NA,NA,NA,14
21500418,480,4,0,4,12:41 AM,1:51,Griffin REBOUND (Off:0 Def:7),NA,NA,NA,NA,4,201933,Blake Griffin,1610612746,LA,Clippers,LAC,0,0,NA,NA,NA,NA,NA,0,0,NA,NA,NA,NA,NA,17
21500418,481,2,1,4,12:41 AM,1:35,MISS Griffin 20' Jump Shot,NA,NA,NA,NA,4,201933,Blake Griffin,1610612746,LA,Clippers,LAC,0,0,NA,NA,NA,NA,NA,0,0,NA,NA,NA,NA,NA,20
21500418,482,4,0,4,12:41 AM,1:34,NA,NA,Adams REBOUND (Off:4 Def:6),NA,NA,5,203500,Steven Adams,1610612760,Oklahoma City,Thunder,OKC,0,0,NA,NA,NA,NA,NA,0,0,NA,NA,NA,NA,NA,23
21500418,483,2,5,4,12:41 AM,1:28,NA,NA,MISS Westbrook 1' Layup,NA,NA,5,201566,Russell Westbrook,1610612760,Oklahoma City,Thunder,OKC,0,0,NA,NA,NA,NA,NA,0,0,NA,NA,NA,NA,NA,26
21500418,484,4,0,4,12:41 AM,1:27,Jordan REBOUND (Off:2 Def:8),NA,NA,NA,NA,4,201599,DeAndre Jordan,1610612746,LA,Clippers,LAC,0,0,NA,NA,NA,NA,NA,0,0,NA,NA,NA,NA,NA,5
21500418,485,6,27,4,12:41 AM,1:11,NA,NA,Adams Personal Block Foul (P3.T1) (N.Buchert),NA,NA,5,203500,Steven Adams,1610612760,Oklahoma City,Thunder,OKC,4,101108,Chris Paul,1610612746,LA,Clippers,LAC,1,0,NA,NA,NA,NA,NA,8
21500418,486,2,1,4,12:42 AM,1:01,MISS Redick 26' 3PT Jump Shot,NA,NA,NA,NA,4,200755,JJ Redick,1610612746,LA,Clippers,LAC,0,0,NA,NA,NA,NA,NA,0,0,NA,NA,NA,NA,NA,11
21500418,487,4,0,4,12:42 AM,1:00,NA,NA,Adams REBOUND (Off:4 Def:7),NA,NA,5,203500,Steven Adams,1610612760,Oklahoma City,Thunder,OKC,0,0,NA,NA,NA,NA,NA,0,0,NA,NA,NA,NA,NA,14
21500418,488,9,1,4,12:42 AM,1:00,NA,NA,Thunder Timeout: Regular (Reg.5 Short 0),NA,NA,3,1610612760,NA,NA,NA,NA,NA,0,0,NA,NA,NA,NA,NA,0,0,NA,NA,NA,NA,NA,17
21500418,490,1,1,4,12:44 AM,0:48,NA,NA,Westbrook 26' 3PT Jump Shot (31 PTS) (Durant 7 AST),96 - 95,-1,5,201566,Russell Westbrook,1610612760,Oklahoma City,Thunder,OKC,5,201142,Kevin Durant,1610612760,Oklahoma City,Thunder,OKC,0,0,NA,NA,NA,NA,NA,20
21500418,491,1,49,4,12:44 AM,0:37,Griffin  Driving Dunk (15 PTS) (Paul 10 AST),NA,NA,96 - 97,1,4,201933,Blake Griffin,1610612746,LA,Clippers,LAC,4,101108,Chris Paul,1610612746,LA,Clippers,LAC,0,0,NA,NA,NA,NA,NA,23
21500418,492,9,2,4,12:44 AM,0:37,NA,NA,Thunder Timeout: Short (Reg.5 Short 1),NA,NA,3,1610612760,NA,NA,NA,NA,NA,0,0,NA,NA,NA,NA,NA,0,0,NA,NA,NA,NA,NA,26
21500418,494,1,79,4,12:46 AM,0:29,NA,NA,Westbrook 11' Pullup Jump Shot (33 PTS),98 - 97,-1,5,201566,Russell Westbrook,1610612760,Oklahoma City,Thunder,OKC,0,0,NA,NA,NA,NA,NA,0,0,NA,NA,NA,NA,NA,29
21500418,495,9,1,4,12:46 AM,0:29,CLIPPERS Timeout: Regular (Full 5 Short 1),NA,NA,NA,NA,2,1610612746,NA,NA,NA,NA,NA,0,0,NA,NA,NA,NA,NA,0,0,NA,NA,NA,NA,NA,5
21500418,497,8,0,4,12:47 AM,0:29,SUB: W. Johnson FOR Mbah a Moute,NA,NA,NA,NA,4,201601,Luc Mbah a Moute,1610612746,LA,Clippers,LAC,4,202325,Wesley Johnson,1610612746,LA,Clippers,LAC,0,0,NA,NA,NA,NA,NA,8
21500418,498,8,0,4,12:47 AM,0:29,SUB: Crawford FOR Jordan,NA,NA,NA,NA,4,201599,DeAndre Jordan,1610612746,LA,Clippers,LAC,4,2037,Jamal Crawford,1610612746,LA,Clippers,LAC,0,0,NA,NA,NA,NA,NA,11
21500418,499,8,0,4,12:47 AM,0:29,NA,NA,SUB: Roberson FOR Adams,NA,NA,5,203500,Steven Adams,1610612760,Oklahoma City,Thunder,OKC,5,203460,Andre Roberson,1610612760,Oklahoma City,Thunder,OKC,0,0,NA,NA,NA,NA,NA,14
21500418,500,5,2,4,12:48 AM,0:14,Redick Lost Ball Turnover (P2.T13),NA,Westbrook STEAL (3 STL),NA,NA,4,200755,JJ Redick,1610612746,LA,Clippers,LAC,5,201566,Russell Westbrook,1610612760,Oklahoma City,Thunder,OKC,0,0,NA,NA,NA,NA,NA,17
21500418,501,6,3,4,12:48 AM,0:14,Redick L.B.FOUL (P1.T3) (N.Buchert),NA,NA,NA,NA,4,200755,JJ Redick,1610612746,LA,Clippers,LAC,5,201566,Russell Westbrook,1610612760,Oklahoma City,Thunder,OKC,1,0,NA,NA,NA,NA,NA,20
21500418,502,8,0,4,12:48 AM,0:14,SUB: Stephenson FOR Redick,NA,NA,NA,NA,4,200755,JJ Redick,1610612746,LA,Clippers,LAC,4,202362,Lance Stephenson,1610612746,LA,Clippers,LAC,0,0,NA,NA,NA,NA,NA,23
21500418,503,8,0,4,12:48 AM,0:14,SUB: Mbah a Moute FOR Crawford,NA,NA,NA,NA,4,2037,Jamal Crawford,1610612746,LA,Clippers,LAC,4,201601,Luc Mbah a Moute,1610612746,LA,Clippers,LAC,0,0,NA,NA,NA,NA,NA,26
21500418,504,8,0,4,12:48 AM,0:14,NA,NA,SUB: Morrow FOR Roberson,NA,NA,5,203460,Andre Roberson,1610612760,Oklahoma City,Thunder,OKC,5,201627,Anthony Morrow,1610612760,Oklahoma City,Thunder,OKC,0,0,NA,NA,NA,NA,NA,29
21500418,505,5,1,4,12:49 AM,0:11,Paul STEAL (2 STL),NA,Waiters Bad Pass Turnover (P2.T11),NA,NA,5,203079,Dion Waiters,1610612760,Oklahoma City,Thunder,OKC,4,101108,Chris Paul,1610612746,LA,Clippers,LAC,0,0,NA,NA,NA,NA,NA,5
21500418,506,1,42,4,12:49 AM,0:10,Paul 1' Driving Layup (32 PTS),NA,NA,98 - 99,1,4,101108,Chris Paul,1610612746,LA,Clippers,LAC,0,0,NA,NA,NA,NA,NA,0,0,NA,NA,NA,NA,NA,5
21500418,507,9,2,4,12:49 AM,0:10,NA,NA,Thunder Timeout: Short (Reg.5 Short 2),NA,NA,3,1610612760,NA,NA,NA,NA,NA,0,0,NA,NA,NA,NA,NA,0,0,NA,NA,NA,NA,NA,8
21500418,510,8,0,4,12:50 AM,0:10,SUB: Jordan FOR W. Johnson,NA,NA,NA,NA,4,202325,Wesley Johnson,1610612746,LA,Clippers,LAC,4,201599,DeAndre Jordan,1610612746,LA,Clippers,LAC,0,0,NA,NA,NA,NA,NA,11
21500418,511,1,79,4,12:50 AM,0:05,NA,NA,Durant 19' Pullup Jump Shot (24 PTS),100 - 99,-1,5,201142,Kevin Durant,1610612760,Oklahoma City,Thunder,OKC,0,0,NA,NA,NA,NA,NA,0,0,NA,NA,NA,NA,NA,14
21500418,512,9,2,4,12:50 AM,0:05,CLIPPERS Timeout: Short (Full 5 Short 2),NA,NA,NA,NA,2,1610612746,NA,NA,NA,NA,NA,0,0,NA,NA,NA,NA,NA,0,0,NA,NA,NA,NA,NA,17
21500418,514,8,0,4,12:51 AM,0:05,SUB: Redick FOR Mbah a Moute,NA,NA,NA,NA,4,201601,Luc Mbah a Moute,1610612746,LA,Clippers,LAC,4,200755,JJ Redick,1610612746,LA,Clippers,LAC,0,0,NA,NA,NA,NA,NA,20
21500418,515,8,0,4,12:51 AM,0:05,SUB: Crawford FOR Jordan,NA,NA,NA,NA,4,201599,DeAndre Jordan,1610612746,LA,Clippers,LAC,4,2037,Jamal Crawford,1610612746,LA,Clippers,LAC,0,0,NA,NA,NA,NA,NA,23
21500418,516,8,0,4,12:51 AM,0:05,SUB: W. Johnson FOR Stephenson,NA,NA,NA,NA,4,202362,Lance Stephenson,1610612746,LA,Clippers,LAC,4,202325,Wesley Johnson,1610612746,LA,Clippers,LAC,0,0,NA,NA,NA,NA,NA,26
21500418,517,8,0,4,12:51 AM,0:05,NA,NA,SUB: Roberson FOR Morrow,NA,NA,5,201627,Anthony Morrow,1610612760,Oklahoma City,Thunder,OKC,5,203460,Andre Roberson,1610612760,Oklahoma City,Thunder,OKC,0,0,NA,NA,NA,NA,NA,29
21500418,518,2,1,4,12:51 AM,0:00,MISS Paul 18' Jump Shot,NA,Durant BLOCK (2 BLK),NA,NA,4,101108,Chris Paul,1610612746,LA,Clippers,LAC,0,0,NA,NA,NA,NA,NA,5,201142,Kevin Durant,1610612760,Oklahoma City,Thunder,OKC,5
21500418,519,4,0,4,12:52 AM,0:00,CLIPPERS Rebound,NA,NA,NA,NA,2,1610612746,NA,NA,NA,NA,NA,0,0,NA,NA,NA,NA,NA,0,0,NA,NA,NA,NA,NA,8
21500418,520,13,0,4,12:52 AM,0:00,NA,NA,NA,100 - 99,-1,0,0,NA,NA,NA,NA,NA,0,0,NA,NA,NA,NA,NA,0,0,NA,NA,NA,NA,NA,11
,,,,,,,,,,,,,,,,,,,,,,,,,,,,,,,,,
,,,,,,,,,,,,,,,,,,,,,,,,,,,,,,,,,
,,,,,,,,,,,,,,,,,,,,,,,,,,,,,,,,,
,,,,,,,,,,,,,,,,,,,,,,,,,,,,,,,,,
,,,,,,,,,,,,,,,,,,,,,,,,,,,,,,,,,
,,,,,,,,,,,,,,,,,,,,,,,,,,,,,,,,,
,,,,,,,,,,,,,,,,,,,,,,,,,,,,,,,,,
,,,,,,,,,,,,,,,,,,,,,,,,,,,,,,,,,
,,,,,,,,,,,,,,,,,,,,,,,,,,,,,,,,,
,,,,,,,,,,,,,,,,,,,,,,,,,,,,,,,,,
,,,,,,,,,,,,,,,,,,,,,,,,,,,,,,,,,
,,,,,,,,,,,,,,,,,,,,,,,,,,,,,,,,,
,,,,,,,,,,,,,,,,,,,,,,,,,,,,,,,,,
,,,,,,,,,,,,,,,,,,,,,,,,,,,,,,,,,
,,,,,,,,,,,,,,,,,,,,,,,,,,,,,,,,,
,,,,,,,,,,,,,,,,,,,,,,,,,,,,,,,,,