"GAME_ID","EVENTNUM","EVENTMSGTYPE","EVENTMSGACTIONTYPE","PERIOD","WCTIMESTRING","PCTIMESTRING","HOMEDESCRIPTION","NEUTRALDESCRIPTION","VISITORDESCRIPTION","SCORE","SCOREMARGIN","PERSON1TYPE","PLAYER1_ID","PLAYER1_NAME","PLAYER1_TEAM_ID","PLAYER1_TEAM_CITY","PLAYER1_TEAM_NICKNAME","PLAYER1_TEAM_ABBREVIATION","PERSON2TYPE","PLAYER2_ID","PLAYER2_NAME","PLAYER2_TEAM_ID","PLAYER2_TEAM_CITY","PLAYER2_TEAM_NICKNAME","PLAYER2_TEAM_ABBREVIATION","PERSON3TYPE","PLAYER3_ID","PLAYER3_NAME","PLAYER3_TEAM_ID","PLAYER3_TEAM_CITY","PLAYER3_TEAM_NICKNAME","PLAYER3_TEAM_ABBREVIATION"
"0021500455","0","12","0","1","6:11 PM","12:00",NA,NA,NA,NA,NA,"0","0",NA,NA,NA,NA,NA,"0","0",NA,NA,NA,NA,NA,"0","0",NA,NA,NA,NA,NA
"0021500455","1","10","0","1","6:11 PM","12:00","Jump Ball Gasol vs. Hibbert: Tip to Green",NA,NA,NA,NA,"4","201188","Marc Gasol","1610612763","Memphis","Grizzlies","MEM","5","201579","Roy Hibbert","1610612747","Los Angeles","Lakers","LAL","4","201145","Jeff Green","1610612763","Memphis","Grizzlies","MEM"
"0021500455","2","1","1","1","6:11 PM","11:43","Conley 22' Jump Shot (2 PTS) (Gasol 1 AST)",NA,NA,"0 - 2","2","4","201144","Mike Conley","1610612763","Memphis","Grizzlies","MEM","4","201188","Marc Gasol","1610612763","Memphis","Grizzlies","MEM","0","0",NA,NA,NA,NA,NA
"0021500455","3","2","1","1","6:12 PM","11:21",NA,NA,"MISS Hibbert 15' Jump Shot",NA,NA,"5","201579","Roy Hibbert","1610612747","Los Angeles","Lakers","LAL","0","0",NA,NA,NA,NA,NA,"0","0",NA,NA,NA,NA,NA
"0021500455","4","4","0","1","6:12 PM","11:21","Barnes REBOUND (Off:0 Def:1)",NA,NA,NA,NA,"4","2440","Matt Barnes","1610612763","Memphis","Grizzlies","MEM","0","0",NA,NA,NA,NA,NA,"0","0",NA,NA,NA,NA,NA
"0021500455","5","1","1","1","6:12 PM","11:03","Lee 22' Jump Shot (2 PTS) (Gasol 2 AST)",NA,NA,"0 - 4","4","4","201584","Courtney Lee","1610612763","Memphis","Grizzlies","MEM","4","201188","Marc Gasol","1610612763","Memphis","Grizzlies","MEM","0","0",NA,NA,NA,NA,NA
"0021500455","6","6","2","1","6:12 PM","10:51","Gasol S.FOUL (P1.T1) (G.Zielinski)",NA,NA,NA,NA,"4","201188","Marc Gasol","1610612763","Memphis","Grizzlies","MEM","5","201579","Roy Hibbert","1610612747","Los Angeles","Lakers","LAL","1","0",NA,NA,NA,NA,NA
"0021500455","7","3","11","1","6:12 PM","10:51",NA,NA,"MISS Hibbert Free Throw 1 of 2",NA,NA,"5","201579","Roy Hibbert","1610612747","Los Angeles","Lakers","LAL","0","0",NA,NA,NA,NA,NA,"0","0",NA,NA,NA,NA,NA
"0021500455","8","4","1","1","6:12 PM","10:51",NA,NA,"Lakers Rebound",NA,NA,"3","1610612747",NA,NA,NA,NA,NA,"0","0",NA,NA,NA,NA,NA,"0","0",NA,NA,NA,NA,NA
"0021500455","9","3","12","1","6:13 PM","10:51",NA,NA,"Hibbert Free Throw 2 of 2 (1 PTS)","1 - 4","3","5","201579","Roy Hibbert","1610612747","Los Angeles","Lakers","LAL","0","0",NA,NA,NA,NA,NA,"0","0",NA,NA,NA,NA,NA
"0021500455","11","1","1","1","6:13 PM","10:32","Gasol 5' Jump Shot (2 PTS)",NA,NA,"1 - 6","5","4","201188","Marc Gasol","1610612763","Memphis","Grizzlies","MEM","0","0",NA,NA,NA,NA,NA,"0","0",NA,NA,NA,NA,NA
"0021500455","12","2","1","1","6:13 PM","10:10",NA,NA,"MISS Bryant 27' 3PT Jump Shot",NA,NA,"5","977","Kobe Bryant","1610612747","Los Angeles","Lakers","LAL","0","0",NA,NA,NA,NA,NA,"0","0",NA,NA,NA,NA,NA
"0021500455","13","4","0","1","6:14 PM","10:10","Green REBOUND (Off:0 Def:1)",NA,NA,NA,NA,"4","201145","Jeff Green","1610612763","Memphis","Grizzlies","MEM","0","0",NA,NA,NA,NA,NA,"0","0",NA,NA,NA,NA,NA
"0021500455","14","6","2","1","6:14 PM","10:04",NA,NA,"Nance Jr. S.FOUL (P1.T1) (G.Zielinski)",NA,NA,"5","1626204","Larry Nance Jr.","1610612747","Los Angeles","Lakers","LAL","4","201145","Jeff Green","1610612763","Memphis","Grizzlies","MEM","1","0",NA,NA,NA,NA,NA
"0021500455","15","3","11","1","6:14 PM","10:04","MISS Green Free Throw 1 of 2",NA,NA,NA,NA,"4","201145","Jeff Green","1610612763","Memphis","Grizzlies","MEM","0","0",NA,NA,NA,NA,NA,"0","0",NA,NA,NA,NA,NA
"0021500455","16","4","1","1","6:14 PM","10:04","GRIZZLIES Rebound",NA,NA,NA,NA,"2","1610612763",NA,NA,NA,NA,NA,"0","0",NA,NA,NA,NA,NA,"0","0",NA,NA,NA,NA,NA
"0021500455","17","3","12","1","6:14 PM","10:04","Green Free Throw 2 of 2 (1 PTS)",NA,NA,"1 - 7","6","4","201145","Jeff Green","1610612763","Memphis","Grizzlies","MEM","0","0",NA,NA,NA,NA,NA,"0","0",NA,NA,NA,NA,NA
"0021500455","19","1","98","1","6:15 PM","9:52",NA,NA,"Bryant 1' Cutting Layup Shot (2 PTS) (Hibbert 1 AST)","3 - 7","4","5","977","Kobe Bryant","1610612747","Los Angeles","Lakers","LAL","5","201579","Roy Hibbert","1610612747","Los Angeles","Lakers","LAL","0","0",NA,NA,NA,NA,NA
"0021500455","20","2","58","1","6:15 PM","9:39","MISS Gasol 6' Turnaround Hook Shot",NA,NA,NA,NA,"4","201188","Marc Gasol","1610612763","Memphis","Grizzlies","MEM","0","0",NA,NA,NA,NA,NA,"0","0",NA,NA,NA,NA,NA
"0021500455","21","4","0","1","6:15 PM","9:37","Barnes REBOUND (Off:1 Def:1)",NA,NA,NA,NA,"4","2440","Matt Barnes","1610612763","Memphis","Grizzlies","MEM","0","0",NA,NA,NA,NA,NA,"0","0",NA,NA,NA,NA,NA
"0021500455","22","2","1","1","6:15 PM","9:33","MISS Barnes 24' 3PT Jump Shot",NA,NA,NA,NA,"4","2440","Matt Barnes","1610612763","Memphis","Grizzlies","MEM","0","0",NA,NA,NA,NA,NA,"0","0",NA,NA,NA,NA,NA
"0021500455","24","4","0","1","6:15 PM","9:31","Green REBOUND (Off:1 Def:1)",NA,NA,NA,NA,"4","201145","Jeff Green","1610612763","Memphis","Grizzlies","MEM","0","0",NA,NA,NA,NA,NA,"0","0",NA,NA,NA,NA,NA
"0021500455","23","2","72","1","6:15 PM","9:31","MISS Green 1' Putback Layup",NA,NA,NA,NA,"4","201145","Jeff Green","1610612763","Memphis","Grizzlies","MEM","0","0",NA,NA,NA,NA,NA,"0","0",NA,NA,NA,NA,NA
"0021500455","26","4","0","1","6:15 PM","9:29","Green REBOUND (Off:2 Def:1)",NA,NA,NA,NA,"4","201145","Jeff Green","1610612763","Memphis","Grizzlies","MEM","0","0",NA,NA,NA,NA,NA,"0","0",NA,NA,NA,NA,NA
"0021500455","25","1","97","1","6:15 PM","9:29","Green 1' Tip Layup Shot (3 PTS)",NA,NA,"3 - 9","6","4","201145","Jeff Green","1610612763","Memphis","Grizzlies","MEM","0","0",NA,NA,NA,NA,NA,"0","0",NA,NA,NA,NA,NA
"0021500455","27","2","42","1","6:15 PM","9:14",NA,NA,"MISS Williams 1' Driving Layup",NA,NA,"5","101150","Lou Williams","1610612747","Los Angeles","Lakers","LAL","0","0",NA,NA,NA,NA,NA,"0","0",NA,NA,NA,NA,NA
"0021500455","28","4","0","1","6:15 PM","9:13","GRIZZLIES Rebound",NA,NA,NA,NA,"2","1610612763",NA,NA,NA,NA,NA,"0","0",NA,NA,NA,NA,NA,"0","0",NA,NA,NA,NA,NA
"0021500455","29","1","1","1","6:16 PM","8:57","Green 21' Jump Shot (5 PTS) (Barnes 1 AST)",NA,NA,"3 - 11","8","4","201145","Jeff Green","1610612763","Memphis","Grizzlies","MEM","4","2440","Matt Barnes","1610612763","Memphis","Grizzlies","MEM","0","0",NA,NA,NA,NA,NA
"0021500455","31","1","58","1","6:16 PM","8:40",NA,NA,"Nance Jr. 10' Turnaround Hook Shot (2 PTS)","5 - 11","6","5","1626204","Larry Nance Jr.","1610612747","Los Angeles","Lakers","LAL","0","0",NA,NA,NA,NA,NA,"0","0",NA,NA,NA,NA,NA
"0021500455","32","1","102","1","6:16 PM","8:22","Conley 7' Driving Floating Bank Jump Shot (4 PTS)",NA,NA,"5 - 13","8","4","201144","Mike Conley","1610612763","Memphis","Grizzlies","MEM","0","0",NA,NA,NA,NA,NA,"0","0",NA,NA,NA,NA,NA
"0021500455","33","2","42","1","6:17 PM","8:08",NA,NA,"MISS Clarkson 1' Driving Layup",NA,NA,"5","203903","Jordan Clarkson","1610612747","Los Angeles","Lakers","LAL","0","0",NA,NA,NA,NA,NA,"0","0",NA,NA,NA,NA,NA
"0021500455","34","4","0","1","6:17 PM","8:07","Conley REBOUND (Off:0 Def:1)",NA,NA,NA,NA,"4","201144","Mike Conley","1610612763","Memphis","Grizzlies","MEM","0","0",NA,NA,NA,NA,NA,"0","0",NA,NA,NA,NA,NA
"0021500455","35","2","1","1","6:17 PM","8:01","MISS Green 26' 3PT Jump Shot",NA,NA,NA,NA,"4","201145","Jeff Green","1610612763","Memphis","Grizzlies","MEM","0","0",NA,NA,NA,NA,NA,"0","0",NA,NA,NA,NA,NA
"0021500455","36","4","0","1","6:17 PM","7:59",NA,NA,"Nance Jr. REBOUND (Off:0 Def:1)",NA,NA,"5","1626204","Larry Nance Jr.","1610612747","Los Angeles","Lakers","LAL","0","0",NA,NA,NA,NA,NA,"0","0",NA,NA,NA,NA,NA
"0021500455","37","2","5","1","6:17 PM","7:53",NA,NA,"MISS Nance Jr. 1' Layup",NA,NA,"5","1626204","Larry Nance Jr.","1610612747","Los Angeles","Lakers","LAL","0","0",NA,NA,NA,NA,NA,"0","0",NA,NA,NA,NA,NA
"0021500455","39","4","0","1","6:17 PM","7:51",NA,NA,"Clarkson REBOUND (Off:1 Def:0)",NA,NA,"5","203903","Jordan Clarkson","1610612747","Los Angeles","Lakers","LAL","0","0",NA,NA,NA,NA,NA,"0","0",NA,NA,NA,NA,NA
"0021500455","38","1","97","1","6:17 PM","7:51",NA,NA,"Clarkson 2' Tip Layup Shot (2 PTS)","7 - 13","6","5","203903","Jordan Clarkson","1610612747","Los Angeles","Lakers","LAL","0","0",NA,NA,NA,NA,NA,"0","0",NA,NA,NA,NA,NA
"0021500455","41","2","1","1","6:17 PM","7:28","MISS Gasol 16' Jump Shot",NA,NA,NA,NA,"4","201188","Marc Gasol","1610612763","Memphis","Grizzlies","MEM","0","0",NA,NA,NA,NA,NA,"0","0",NA,NA,NA,NA,NA
"0021500455","42","4","0","1","6:17 PM","7:27",NA,NA,"Nance Jr. REBOUND (Off:0 Def:2)",NA,NA,"5","1626204","Larry Nance Jr.","1610612747","Los Angeles","Lakers","LAL","0","0",NA,NA,NA,NA,NA,"0","0",NA,NA,NA,NA,NA
"0021500455","43","1","42","1","6:18 PM","7:16",NA,NA,"Bryant 1' Driving Layup (4 PTS)","9 - 13","4","5","977","Kobe Bryant","1610612747","Los Angeles","Lakers","LAL","0","0",NA,NA,NA,NA,NA,"0","0",NA,NA,NA,NA,NA
"0021500455","44","6","2","1","6:18 PM","7:04",NA,NA,"Clarkson S.FOUL (P1.T2) (G.Zielinski)",NA,NA,"5","203903","Jordan Clarkson","1610612747","Los Angeles","Lakers","LAL","4","201145","Jeff Green","1610612763","Memphis","Grizzlies","MEM","1","0",NA,NA,NA,NA,NA
"0021500455","45","3","11","1","6:18 PM","7:04","Green Free Throw 1 of 2 (6 PTS)",NA,NA,"9 - 14","5","4","201145","Jeff Green","1610612763","Memphis","Grizzlies","MEM","0","0",NA,NA,NA,NA,NA,"0","0",NA,NA,NA,NA,NA
"0021500455","47","3","12","1","6:18 PM","7:04","MISS Green Free Throw 2 of 2",NA,NA,NA,NA,"4","201145","Jeff Green","1610612763","Memphis","Grizzlies","MEM","0","0",NA,NA,NA,NA,NA,"0","0",NA,NA,NA,NA,NA
"0021500455","49","4","0","1","6:19 PM","7:03",NA,NA,"Hibbert REBOUND (Off:0 Def:1)",NA,NA,"5","201579","Roy Hibbert","1610612747","Los Angeles","Lakers","LAL","0","0",NA,NA,NA,NA,NA,"0","0",NA,NA,NA,NA,NA
"0021500455","50","2","1","1","6:19 PM","6:50",NA,NA,"MISS Bryant 21' Jump Shot",NA,NA,"5","977","Kobe Bryant","1610612747","Los Angeles","Lakers","LAL","0","0",NA,NA,NA,NA,NA,"0","0",NA,NA,NA,NA,NA
"0021500455","51","4","0","1","6:19 PM","6:49",NA,NA,"Lakers Rebound",NA,NA,"3","1610612747",NA,NA,NA,NA,NA,"0","0",NA,NA,NA,NA,NA,"0","0",NA,NA,NA,NA,NA
"0021500455","52","2","98","1","6:19 PM","6:39",NA,NA,"MISS Hibbert 2' Cutting Layup Shot",NA,NA,"5","201579","Roy Hibbert","1610612747","Los Angeles","Lakers","LAL","0","0",NA,NA,NA,NA,NA,"0","0",NA,NA,NA,NA,NA
"0021500455","54","4","0","1","6:19 PM","6:37",NA,NA,"Nance Jr. REBOUND (Off:1 Def:2)",NA,NA,"5","1626204","Larry Nance Jr.","1610612747","Los Angeles","Lakers","LAL","0","0",NA,NA,NA,NA,NA,"0","0",NA,NA,NA,NA,NA
"0021500455","53","1","87","1","6:19 PM","6:37",NA,NA,"Nance Jr.  Putback Dunk (4 PTS)","11 - 14","3","5","1626204","Larry Nance Jr.","1610612747","Los Angeles","Lakers","LAL","0","0",NA,NA,NA,NA,NA,"0","0",NA,NA,NA,NA,NA
"0021500455","55","1","78","1","6:20 PM","6:15","Gasol 5' Floating Jump Shot (4 PTS)",NA,NA,"11 - 16","5","4","201188","Marc Gasol","1610612763","Memphis","Grizzlies","MEM","0","0",NA,NA,NA,NA,NA,"0","0",NA,NA,NA,NA,NA
"0021500455","56","5","1","1","6:20 PM","6:01",NA,NA,"Bryant Bad Pass Turnover (P1.T1)",NA,NA,"5","977","Kobe Bryant","1610612747","Los Angeles","Lakers","LAL","0","0",NA,NA,NA,NA,NA,"0","0",NA,NA,NA,NA,NA
"0021500455","57","8","0","1","6:20 PM","6:01","SUB: Allen FOR Green",NA,NA,NA,NA,"4","201145","Jeff Green","1610612763","Memphis","Grizzlies","MEM","4","2754","Tony Allen","1610612763","Memphis","Grizzlies","MEM","0","0",NA,NA,NA,NA,NA
"0021500455","59","6","1","1","6:21 PM","5:46",NA,NA,"Bryant P.FOUL (P1.T3) (G.Zielinski)",NA,NA,"5","977","Kobe Bryant","1610612747","Los Angeles","Lakers","LAL","4","201188","Marc Gasol","1610612763","Memphis","Grizzlies","MEM","1","0",NA,NA,NA,NA,NA
"0021500455","60","9","1","1","6:21 PM","5:46","GRIZZLIES Timeout: Regular (Full 1 Short 0)",NA,NA,NA,NA,"2","1610612763",NA,NA,NA,NA,NA,"0","0",NA,NA,NA,NA,NA,"0","0",NA,NA,NA,NA,NA
"0021500455","62","8","0","1","6:23 PM","5:46",NA,NA,"SUB: Russell FOR Williams",NA,NA,"5","101150","Lou Williams","1610612747","Los Angeles","Lakers","LAL","5","1626156","D'Angelo Russell","1610612747","Los Angeles","Lakers","LAL","0","0",NA,NA,NA,NA,NA
"0021500455","63","1","98","1","6:23 PM","5:35","Gasol 2' Cutting Layup Shot (6 PTS) (Conley 1 AST)",NA,NA,"11 - 18","7","4","201188","Marc Gasol","1610612763","Memphis","Grizzlies","MEM","4","201144","Mike Conley","1610612763","Memphis","Grizzlies","MEM","0","0",NA,NA,NA,NA,NA
"0021500455","64","6","1","1","6:24 PM","5:19","Allen P.FOUL (P1.T2) (G.Zielinski)",NA,NA,NA,NA,"4","2754","Tony Allen","1610612763","Memphis","Grizzlies","MEM","5","977","Kobe Bryant","1610612747","Los Angeles","Lakers","LAL","1","0",NA,NA,NA,NA,NA
"0021500455","65","8","0","1","6:24 PM","5:19","SUB: Randolph FOR Barnes",NA,NA,NA,NA,"4","2440","Matt Barnes","1610612763","Memphis","Grizzlies","MEM","4","2216","Zach Randolph","1610612763","Memphis","Grizzlies","MEM","0","0",NA,NA,NA,NA,NA
"0021500455","66","1","1","1","6:24 PM","5:10",NA,NA,"Bryant 25' 3PT Jump Shot (7 PTS) (Clarkson 1 AST)","14 - 18","4","5","977","Kobe Bryant","1610612747","Los Angeles","Lakers","LAL","5","203903","Jordan Clarkson","1610612747","Los Angeles","Lakers","LAL","0","0",NA,NA,NA,NA,NA
"0021500455","67","6","1","1","6:25 PM","4:55",NA,NA,"Hibbert P.FOUL (P1.T4) (J.Phillips)",NA,NA,"5","201579","Roy Hibbert","1610612747","Los Angeles","Lakers","LAL","4","201188","Marc Gasol","1610612763","Memphis","Grizzlies","MEM","1","0",NA,NA,NA,NA,NA
"0021500455","68","2","1","1","6:25 PM","4:46","MISS Conley 25' 3PT Jump Shot",NA,NA,NA,NA,"4","201144","Mike Conley","1610612763","Memphis","Grizzlies","MEM","0","0",NA,NA,NA,NA,NA,"0","0",NA,NA,NA,NA,NA
"0021500455","69","4","0","1","6:25 PM","4:45",NA,NA,"Nance Jr. REBOUND (Off:1 Def:3)",NA,NA,"5","1626204","Larry Nance Jr.","1610612747","Los Angeles","Lakers","LAL","0","0",NA,NA,NA,NA,NA,"0","0",NA,NA,NA,NA,NA
"0021500455","70","5","1","1","6:25 PM","4:30","Conley STEAL (1 STL)",NA,"Bryant Bad Pass Turnover (P2.T2)",NA,NA,"5","977","Kobe Bryant","1610612747","Los Angeles","Lakers","LAL","4","201144","Mike Conley","1610612763","Memphis","Grizzlies","MEM","0","0",NA,NA,NA,NA,NA
"0021500455","71","1","1","1","6:25 PM","4:20","Randolph 19' Jump Shot (2 PTS) (Gasol 3 AST)",NA,NA,"14 - 20","6","4","2216","Zach Randolph","1610612763","Memphis","Grizzlies","MEM","4","201188","Marc Gasol","1610612763","Memphis","Grizzlies","MEM","0","0",NA,NA,NA,NA,NA
"0021500455","72","2","1","1","6:26 PM","4:04",NA,NA,"MISS Nance Jr. 20' Jump Shot",NA,NA,"5","1626204","Larry Nance Jr.","1610612747","Los Angeles","Lakers","LAL","0","0",NA,NA,NA,NA,NA,"0","0",NA,NA,NA,NA,NA
"0021500455","73","4","0","1","6:26 PM","4:03","Conley REBOUND (Off:0 Def:2)",NA,NA,NA,NA,"4","201144","Mike Conley","1610612763","Memphis","Grizzlies","MEM","0","0",NA,NA,NA,NA,NA,"0","0",NA,NA,NA,NA,NA
"0021500455","74","1","1","1","6:26 PM","3:53","Conley 16' Jump Shot (6 PTS)",NA,NA,"14 - 22","8","4","201144","Mike Conley","1610612763","Memphis","Grizzlies","MEM","0","0",NA,NA,NA,NA,NA,"0","0",NA,NA,NA,NA,NA
"0021500455","76","9","1","1","6:26 PM","3:45",NA,NA,"Lakers Timeout: Regular (Reg.1 Short 0)",NA,NA,"3","1610612747",NA,NA,NA,NA,NA,"0","0",NA,NA,NA,NA,NA,"0","0",NA,NA,NA,NA,NA
"0021500455","77","8","0","1","6:28 PM","3:45",NA,NA,"SUB: Bass FOR Nance Jr.",NA,NA,"5","1626204","Larry Nance Jr.","1610612747","Los Angeles","Lakers","LAL","5","101138","Brandon Bass","1610612747","Los Angeles","Lakers","LAL","0","0",NA,NA,NA,NA,NA
"0021500455","78","8","0","1","6:28 PM","3:45",NA,NA,"SUB: Randle FOR Hibbert",NA,NA,"5","201579","Roy Hibbert","1610612747","Los Angeles","Lakers","LAL","5","203944","Julius Randle","1610612747","Los Angeles","Lakers","LAL","0","0",NA,NA,NA,NA,NA
"0021500455","79","8","0","1","6:28 PM","3:45","SUB: Chalmers FOR Conley",NA,NA,NA,NA,"4","201144","Mike Conley","1610612763","Memphis","Grizzlies","MEM","4","201596","Mario Chalmers","1610612763","Memphis","Grizzlies","MEM","0","0",NA,NA,NA,NA,NA
"0021500455","80","2","1","1","6:29 PM","3:35",NA,NA,"MISS Bass 14' Jump Shot",NA,NA,"5","101138","Brandon Bass","1610612747","Los Angeles","Lakers","LAL","0","0",NA,NA,NA,NA,NA,"0","0",NA,NA,NA,NA,NA
"0021500455","81","4","0","1","6:29 PM","3:35","Randolph REBOUND (Off:0 Def:1)",NA,NA,NA,NA,"4","2216","Zach Randolph","1610612763","Memphis","Grizzlies","MEM","0","0",NA,NA,NA,NA,NA,"0","0",NA,NA,NA,NA,NA
"0021500455","82","2","1","1","6:29 PM","3:15","MISS Allen 21' Jump Shot",NA,NA,NA,NA,"4","2754","Tony Allen","1610612763","Memphis","Grizzlies","MEM","0","0",NA,NA,NA,NA,NA,"0","0",NA,NA,NA,NA,NA
"0021500455","83","4","0","1","6:29 PM","3:14",NA,NA,"Randle REBOUND (Off:0 Def:1)",NA,NA,"5","203944","Julius Randle","1610612747","Los Angeles","Lakers","LAL","0","0",NA,NA,NA,NA,NA,"0","0",NA,NA,NA,NA,NA
"0021500455","84","6","2","1","6:29 PM","3:05","Lee S.FOUL (P1.T3) (D.Taylor)",NA,NA,NA,NA,"4","201584","Courtney Lee","1610612763","Memphis","Grizzlies","MEM","5","203903","Jordan Clarkson","1610612747","Los Angeles","Lakers","LAL","1","0",NA,NA,NA,NA,NA
"0021500455","85","3","11","1","6:29 PM","3:05",NA,NA,"Clarkson Free Throw 1 of 2 (3 PTS)","15 - 22","7","5","203903","Jordan Clarkson","1610612747","Los Angeles","Lakers","LAL","0","0",NA,NA,NA,NA,NA,"0","0",NA,NA,NA,NA,NA
"0021500455","87","3","12","1","6:30 PM","3:05",NA,NA,"Clarkson Free Throw 2 of 2 (4 PTS)","16 - 22","6","5","203903","Jordan Clarkson","1610612747","Los Angeles","Lakers","LAL","0","0",NA,NA,NA,NA,NA,"0","0",NA,NA,NA,NA,NA
"0021500455","89","2","1","1","6:30 PM","2:45","MISS Lee 26' 3PT Jump Shot",NA,NA,NA,NA,"4","201584","Courtney Lee","1610612763","Memphis","Grizzlies","MEM","0","0",NA,NA,NA,NA,NA,"0","0",NA,NA,NA,NA,NA
"0021500455","90","4","0","1","6:30 PM","2:45",NA,NA,"Bryant REBOUND (Off:0 Def:1)",NA,NA,"5","977","Kobe Bryant","1610612747","Los Angeles","Lakers","LAL","0","0",NA,NA,NA,NA,NA,"0","0",NA,NA,NA,NA,NA
"0021500455","91","2","1","1","6:30 PM","2:37",NA,NA,"MISS Bryant 25' 3PT Jump Shot",NA,NA,"5","977","Kobe Bryant","1610612747","Los Angeles","Lakers","LAL","0","0",NA,NA,NA,NA,NA,"0","0",NA,NA,NA,NA,NA
"0021500455","92","4","0","1","6:30 PM","2:36","Gasol REBOUND (Off:0 Def:1)",NA,NA,NA,NA,"4","201188","Marc Gasol","1610612763","Memphis","Grizzlies","MEM","0","0",NA,NA,NA,NA,NA,"0","0",NA,NA,NA,NA,NA
"0021500455","93","1","41","1","6:30 PM","2:29","Chalmers  Running Layup (2 PTS)",NA,NA,"16 - 24","8","4","201596","Mario Chalmers","1610612763","Memphis","Grizzlies","MEM","0","0",NA,NA,NA,NA,NA,"0","0",NA,NA,NA,NA,NA
"0021500455","94","2","1","1","6:31 PM","2:13",NA,NA,"MISS Randle 19' Jump Shot",NA,NA,"5","203944","Julius Randle","1610612747","Los Angeles","Lakers","LAL","0","0",NA,NA,NA,NA,NA,"0","0",NA,NA,NA,NA,NA
"0021500455","95","4","0","1","6:31 PM","2:12","Lee REBOUND (Off:0 Def:1)",NA,NA,NA,NA,"4","201584","Courtney Lee","1610612763","Memphis","Grizzlies","MEM","0","0",NA,NA,NA,NA,NA,"0","0",NA,NA,NA,NA,NA
"0021500455","96","5","2","1","6:31 PM","2:01","Randolph Lost Ball Turnover (P1.T1)",NA,"Russell STEAL (1 STL)",NA,NA,"4","2216","Zach Randolph","1610612763","Memphis","Grizzlies","MEM","5","1626156","D'Angelo Russell","1610612747","Los Angeles","Lakers","LAL","0","0",NA,NA,NA,NA,NA
"0021500455","97","2","1","1","6:31 PM","1:53",NA,NA,"MISS Russell 24' 3PT Jump Shot",NA,NA,"5","1626156","D'Angelo Russell","1610612747","Los Angeles","Lakers","LAL","0","0",NA,NA,NA,NA,NA,"0","0",NA,NA,NA,NA,NA
"0021500455","98","4","0","1","6:31 PM","1:51","Gasol REBOUND (Off:0 Def:2)",NA,NA,NA,NA,"4","201188","Marc Gasol","1610612763","Memphis","Grizzlies","MEM","0","0",NA,NA,NA,NA,NA,"0","0",NA,NA,NA,NA,NA
"0021500455","99","2","42","1","6:31 PM","1:42","MISS Chalmers 2' Driving Layup",NA,NA,NA,NA,"4","201596","Mario Chalmers","1610612763","Memphis","Grizzlies","MEM","0","0",NA,NA,NA,NA,NA,"0","0",NA,NA,NA,NA,NA
"0021500455","100","4","0","1","6:31 PM","1:41",NA,NA,"Clarkson REBOUND (Off:1 Def:1)",NA,NA,"5","203903","Jordan Clarkson","1610612747","Los Angeles","Lakers","LAL","0","0",NA,NA,NA,NA,NA,"0","0",NA,NA,NA,NA,NA
"0021500455","101","1","46","1","6:31 PM","1:36",NA,NA,"Bryant 26' 3PT Running Jump Shot (10 PTS) (Clarkson 2 AST)","19 - 24","5","5","977","Kobe Bryant","1610612747","Los Angeles","Lakers","LAL","5","203903","Jordan Clarkson","1610612747","Los Angeles","Lakers","LAL","0","0",NA,NA,NA,NA,NA
"0021500455","102","6","1","1","6:32 PM","1:19",NA,NA,"Clarkson P.FOUL (P2.PN) (J.Phillips)",NA,NA,"5","203903","Jordan Clarkson","1610612747","Los Angeles","Lakers","LAL","4","201584","Courtney Lee","1610612763","Memphis","Grizzlies","MEM","1","0",NA,NA,NA,NA,NA
"0021500455","104","3","11","1","6:32 PM","1:19","Lee Free Throw 1 of 2 (3 PTS)",NA,NA,"19 - 25","6","4","201584","Courtney Lee","1610612763","Memphis","Grizzlies","MEM","0","0",NA,NA,NA,NA,NA,"0","0",NA,NA,NA,NA,NA
"0021500455","103","8","0","1","6:32 PM","1:19","SUB: Green FOR Gasol",NA,NA,NA,NA,"4","201188","Marc Gasol","1610612763","Memphis","Grizzlies","MEM","4","203210","JaMychal Green","1610612763","Memphis","Grizzlies","MEM","0","0",NA,NA,NA,NA,NA
"0021500455","106","3","12","1","6:32 PM","1:19","Lee Free Throw 2 of 2 (4 PTS)",NA,NA,"19 - 26","7","4","201584","Courtney Lee","1610612763","Memphis","Grizzlies","MEM","0","0",NA,NA,NA,NA,NA,"0","0",NA,NA,NA,NA,NA
"0021500455","108","2","1","1","6:33 PM","1:04",NA,NA,"MISS Bryant 24' 3PT Jump Shot",NA,NA,"5","977","Kobe Bryant","1610612747","Los Angeles","Lakers","LAL","0","0",NA,NA,NA,NA,NA,"0","0",NA,NA,NA,NA,NA
"0021500455","109","4","0","1","6:33 PM","1:04","Chalmers REBOUND (Off:0 Def:1)",NA,NA,NA,NA,"4","201596","Mario Chalmers","1610612763","Memphis","Grizzlies","MEM","0","0",NA,NA,NA,NA,NA,"0","0",NA,NA,NA,NA,NA
"0021500455","110","1","41","1","6:33 PM","0:57","Chalmers 1' Running Layup (4 PTS)",NA,NA,"19 - 28","9","4","201596","Mario Chalmers","1610612763","Memphis","Grizzlies","MEM","0","0",NA,NA,NA,NA,NA,"0","0",NA,NA,NA,NA,NA
"0021500455","111","5","1","1","6:33 PM","0:48","Randolph STEAL (1 STL)",NA,"Russell Bad Pass Turnover (P1.T3)",NA,NA,"5","1626156","D'Angelo Russell","1610612747","Los Angeles","Lakers","LAL","4","2216","Zach Randolph","1610612763","Memphis","Grizzlies","MEM","0","0",NA,NA,NA,NA,NA
"0021500455","112","1","76","1","6:33 PM","0:44","Randolph  Running Finger Roll Layup (4 PTS) (Chalmers 1 AST)",NA,NA,"19 - 30","11","4","2216","Zach Randolph","1610612763","Memphis","Grizzlies","MEM","4","201596","Mario Chalmers","1610612763","Memphis","Grizzlies","MEM","0","0",NA,NA,NA,NA,NA
"0021500455","113","6","2","1","6:34 PM","0:36","Allen S.FOUL (P2.T4) (J.Phillips)",NA,NA,NA,NA,"4","2754","Tony Allen","1610612763","Memphis","Grizzlies","MEM","5","977","Kobe Bryant","1610612747","Los Angeles","Lakers","LAL","1","0",NA,NA,NA,NA,NA
"0021500455","114","3","11","1","6:34 PM","0:36",NA,NA,"Bryant Free Throw 1 of 2 (11 PTS)","20 - 30","10","5","977","Kobe Bryant","1610612747","Los Angeles","Lakers","LAL","0","0",NA,NA,NA,NA,NA,"0","0",NA,NA,NA,NA,NA
"0021500455","116","8","0","1","6:34 PM","0:36","SUB: Carter FOR Allen",NA,NA,NA,NA,"4","2754","Tony Allen","1610612763","Memphis","Grizzlies","MEM","4","1713","Vince Carter","1610612763","Memphis","Grizzlies","MEM","0","0",NA,NA,NA,NA,NA
"0021500455","117","3","12","1","6:34 PM","0:36",NA,NA,"Bryant Free Throw 2 of 2 (12 PTS)","21 - 30","9","5","977","Kobe Bryant","1610612747","Los Angeles","Lakers","LAL","0","0",NA,NA,NA,NA,NA,"0","0",NA,NA,NA,NA,NA
"0021500455","119","2","98","1","6:35 PM","0:26","MISS Lee 3' Cutting Layup Shot",NA,"Bass BLOCK (1 BLK)",NA,NA,"4","201584","Courtney Lee","1610612763","Memphis","Grizzlies","MEM","0","0",NA,NA,NA,NA,NA,"5","101138","Brandon Bass","1610612747","Los Angeles","Lakers","LAL"
"0021500455","120","4","0","1","6:35 PM","0:25",NA,NA,"Randle REBOUND (Off:0 Def:2)",NA,NA,"5","203944","Julius Randle","1610612747","Los Angeles","Lakers","LAL","0","0",NA,NA,NA,NA,NA,"0","0",NA,NA,NA,NA,NA
"0021500455","121","1","42","1","6:35 PM","0:06",NA,NA,"Bryant 1' Driving Layup (14 PTS)","23 - 30","7","5","977","Kobe Bryant","1610612747","Los Angeles","Lakers","LAL","0","0",NA,NA,NA,NA,NA,"0","0",NA,NA,NA,NA,NA
"0021500455","122","1","81","1","6:35 PM","0:00","Lee 18' Pullup Bank Shot (6 PTS) (Chalmers 2 AST)",NA,NA,"23 - 32","9","4","201584","Courtney Lee","1610612763","Memphis","Grizzlies","MEM","4","201596","Mario Chalmers","1610612763","Memphis","Grizzlies","MEM","0","0",NA,NA,NA,NA,NA
"0021500455","124","18","0","1","6:35 PM","0:00",NA,NA,NA,NA,NA,NA,"122","Fred Roberts",NA,NA,NA,NA,"0","0",NA,NA,NA,NA,NA,"1","0",NA,NA,NA,NA,NA
"0021500455","125","13","0","1","6:35 PM","0:00",NA,NA,NA,"23 - 32","9","0","0",NA,NA,NA,NA,NA,"0","0",NA,NA,NA,NA,NA,"0","0",NA,NA,NA,NA,NA
"0021500455","127","12","0","2","6:38 PM","12:00",NA,NA,NA,"23 - 32","9","0","0",NA,NA,NA,NA,NA,"0","0",NA,NA,NA,NA,NA,"0","0",NA,NA,NA,NA,NA
"0021500455","128","1","49","2","6:38 PM","11:50",NA,NA,"Randle  Driving Dunk (2 PTS)","25 - 32","7","5","203944","Julius Randle","1610612747","Los Angeles","Lakers","LAL","0","0",NA,NA,NA,NA,NA,"0","0",NA,NA,NA,NA,NA
"0021500455","129","2","98","2","6:39 PM","11:30","MISS Green 1' Cutting Layup Shot",NA,"Young BLOCK (1 BLK)",NA,NA,"4","203210","JaMychal Green","1610612763","Memphis","Grizzlies","MEM","0","0",NA,NA,NA,NA,NA,"5","201156","Nick Young","1610612747","Los Angeles","Lakers","LAL"
"0021500455","130","4","0","2","6:39 PM","11:27",NA,NA,"Randle REBOUND (Off:0 Def:3)",NA,NA,"5","203944","Julius Randle","1610612747","Los Angeles","Lakers","LAL","0","0",NA,NA,NA,NA,NA,"0","0",NA,NA,NA,NA,NA
"0021500455","131","2","46","2","6:39 PM","11:23",NA,NA,"MISS Williams  3PT Running Jump Shot",NA,NA,"5","101150","Lou Williams","1610612747","Los Angeles","Lakers","LAL","0","0",NA,NA,NA,NA,NA,"0","0",NA,NA,NA,NA,NA
"0021500455","132","4","0","2","6:39 PM","11:19","Chalmers REBOUND (Off:0 Def:2)",NA,NA,NA,NA,"4","201596","Mario Chalmers","1610612763","Memphis","Grizzlies","MEM","0","0",NA,NA,NA,NA,NA,"0","0",NA,NA,NA,NA,NA
"0021500455","133","2","41","2","6:39 PM","11:15","MISS Allen 2' Running Layup",NA,NA,NA,NA,"4","2754","Tony Allen","1610612763","Memphis","Grizzlies","MEM","0","0",NA,NA,NA,NA,NA,"0","0",NA,NA,NA,NA,NA
"0021500455","134","4","0","2","6:39 PM","11:13",NA,NA,"Randle REBOUND (Off:0 Def:4)",NA,NA,"5","203944","Julius Randle","1610612747","Los Angeles","Lakers","LAL","0","0",NA,NA,NA,NA,NA,"0","0",NA,NA,NA,NA,NA
"0021500455","135","1","46","2","6:39 PM","11:08",NA,NA,"Russell 26' 3PT Running Jump Shot (3 PTS) (Williams 1 AST)","28 - 32","4","5","1626156","D'Angelo Russell","1610612747","Los Angeles","Lakers","LAL","5","101150","Lou Williams","1610612747","Los Angeles","Lakers","LAL","0","0",NA,NA,NA,NA,NA
"0021500455","136","6","1","2","6:39 PM","10:53",NA,NA,"Williams P.FOUL (P1.T1) (G.Zielinski)",NA,NA,"5","101150","Lou Williams","1610612747","Los Angeles","Lakers","LAL","4","2216","Zach Randolph","1610612763","Memphis","Grizzlies","MEM","1","0",NA,NA,NA,NA,NA
"0021500455","137","2","1","2","6:40 PM","10:46","MISS Randolph 16' Jump Shot",NA,NA,NA,NA,"4","2216","Zach Randolph","1610612763","Memphis","Grizzlies","MEM","0","0",NA,NA,NA,NA,NA,"0","0",NA,NA,NA,NA,NA
"0021500455","138","4","0","2","6:40 PM","10:46",NA,NA,"Randle REBOUND (Off:0 Def:5)",NA,NA,"5","203944","Julius Randle","1610612747","Los Angeles","Lakers","LAL","0","0",NA,NA,NA,NA,NA,"0","0",NA,NA,NA,NA,NA
"0021500455","139","2","79","2","6:40 PM","10:38",NA,NA,"MISS Young 14' Pullup Jump Shot",NA,NA,"5","201156","Nick Young","1610612747","Los Angeles","Lakers","LAL","0","0",NA,NA,NA,NA,NA,"0","0",NA,NA,NA,NA,NA
"0021500455","140","4","0","2","6:40 PM","10:35","Randolph REBOUND (Off:0 Def:2)",NA,NA,NA,NA,"4","2216","Zach Randolph","1610612763","Memphis","Grizzlies","MEM","0","0",NA,NA,NA,NA,NA,"0","0",NA,NA,NA,NA,NA
"0021500455","141","1","100","2","6:40 PM","10:30","Green 1' Running Alley Oop Layup Shot (2 PTS) (Chalmers 3 AST)",NA,NA,"28 - 34","6","4","203210","JaMychal Green","1610612763","Memphis","Grizzlies","MEM","4","201596","Mario Chalmers","1610612763","Memphis","Grizzlies","MEM","0","0",NA,NA,NA,NA,NA
"0021500455","142","1","1","2","6:40 PM","10:15",NA,NA,"Williams 26' 3PT Jump Shot (3 PTS)","31 - 34","3","5","101150","Lou Williams","1610612747","Los Angeles","Lakers","LAL","0","0",NA,NA,NA,NA,NA,"0","0",NA,NA,NA,NA,NA
"0021500455","144","9","1","2","6:40 PM","10:09","GRIZZLIES Timeout: Regular (Full 2 Short 0)",NA,NA,NA,NA,"2","1610612763",NA,NA,NA,NA,NA,"0","0",NA,NA,NA,NA,NA,"0","0",NA,NA,NA,NA,NA
"0021500455","147","1","3","2","6:43 PM","9:59","Randolph 6' Hook Shot (6 PTS) (Carter 1 AST)",NA,NA,"31 - 36","5","4","2216","Zach Randolph","1610612763","Memphis","Grizzlies","MEM","4","1713","Vince Carter","1610612763","Memphis","Grizzlies","MEM","0","0",NA,NA,NA,NA,NA
"0021500455","148","6","1","2","6:43 PM","9:41","Carter P.FOUL (P1.T1) (J.Phillips)",NA,NA,NA,NA,"4","1713","Vince Carter","1610612763","Memphis","Grizzlies","MEM","5","101150","Lou Williams","1610612747","Los Angeles","Lakers","LAL","1","0",NA,NA,NA,NA,NA
"0021500455","149","2","47","2","6:44 PM","9:29",NA,NA,"MISS Randle 7' Turnaround Jump Shot",NA,NA,"5","203944","Julius Randle","1610612747","Los Angeles","Lakers","LAL","0","0",NA,NA,NA,NA,NA,"0","0",NA,NA,NA,NA,NA
"0021500455","150","4","0","2","6:44 PM","9:28","Allen REBOUND (Off:0 Def:1)",NA,NA,NA,NA,"4","2754","Tony Allen","1610612763","Memphis","Grizzlies","MEM","0","0",NA,NA,NA,NA,NA,"0","0",NA,NA,NA,NA,NA
"0021500455","151","5","13","2","6:44 PM","9:14","Randolph Backcourt Turnover (P2.T2)",NA,NA,NA,NA,"4","2216","Zach Randolph","1610612763","Memphis","Grizzlies","MEM","0","0",NA,NA,NA,NA,NA,"1","0",NA,NA,NA,NA,NA
"0021500455","152","2","1","2","6:45 PM","8:49",NA,NA,"MISS Young 27' 3PT Jump Shot",NA,NA,"5","201156","Nick Young","1610612747","Los Angeles","Lakers","LAL","0","0",NA,NA,NA,NA,NA,"0","0",NA,NA,NA,NA,NA
"0021500455","153","4","0","2","6:45 PM","8:49",NA,NA,"Randle REBOUND (Off:1 Def:5)",NA,NA,"5","203944","Julius Randle","1610612747","Los Angeles","Lakers","LAL","0","0",NA,NA,NA,NA,NA,"0","0",NA,NA,NA,NA,NA
"0021500455","154","6","1","2","6:45 PM","8:49","Randolph P.FOUL (P1.T2) (D.Taylor)",NA,NA,NA,NA,"4","2216","Zach Randolph","1610612763","Memphis","Grizzlies","MEM","5","203944","Julius Randle","1610612747","Los Angeles","Lakers","LAL","1","0",NA,NA,NA,NA,NA
"0021500455","155","5","40","2","6:45 PM","8:41",NA,NA,"Williams Out of Bounds Lost Ball Turnover (P1.T4)",NA,NA,"5","101150","Lou Williams","1610612747","Los Angeles","Lakers","LAL","0","0",NA,NA,NA,NA,NA,"0","0",NA,NA,NA,NA,NA
"0021500455","156","6","2","2","6:46 PM","8:35",NA,NA,"Russell S.FOUL (P1.T2) (D.Taylor)",NA,NA,"5","1626156","D'Angelo Russell","1610612747","Los Angeles","Lakers","LAL","4","201596","Mario Chalmers","1610612763","Memphis","Grizzlies","MEM","1","0",NA,NA,NA,NA,NA
"0021500455","157","3","11","2","6:46 PM","8:35","Chalmers Free Throw 1 of 2 (5 PTS)",NA,NA,"31 - 37","6","4","201596","Mario Chalmers","1610612763","Memphis","Grizzlies","MEM","0","0",NA,NA,NA,NA,NA,"0","0",NA,NA,NA,NA,NA
"0021500455","159","8","0","2","6:46 PM","8:35","SUB: Green FOR Allen",NA,NA,NA,NA,"4","2754","Tony Allen","1610612763","Memphis","Grizzlies","MEM","4","201145","Jeff Green","1610612763","Memphis","Grizzlies","MEM","0","0",NA,NA,NA,NA,NA
"0021500455","160","3","12","2","6:46 PM","8:35","Chalmers Free Throw 2 of 2 (6 PTS)",NA,NA,"31 - 38","7","4","201596","Mario Chalmers","1610612763","Memphis","Grizzlies","MEM","0","0",NA,NA,NA,NA,NA,"0","0",NA,NA,NA,NA,NA
"0021500455","162","2","1","2","6:47 PM","8:25",NA,NA,"MISS Williams 25' 3PT Jump Shot",NA,NA,"5","101150","Lou Williams","1610612747","Los Angeles","Lakers","LAL","0","0",NA,NA,NA,NA,NA,"0","0",NA,NA,NA,NA,NA
"0021500455","163","4","0","2","6:47 PM","8:25","Green REBOUND (Off:0 Def:1)",NA,NA,NA,NA,"4","203210","JaMychal Green","1610612763","Memphis","Grizzlies","MEM","0","0",NA,NA,NA,NA,NA,"0","0",NA,NA,NA,NA,NA
"0021500455","164","1","49","2","6:47 PM","8:11","Carter  Driving Dunk (2 PTS)",NA,NA,"31 - 40","9","4","1713","Vince Carter","1610612763","Memphis","Grizzlies","MEM","0","0",NA,NA,NA,NA,NA,"0","0",NA,NA,NA,NA,NA
"0021500455","165","1","1","2","6:47 PM","7:58",NA,NA,"Russell 25' 3PT Jump Shot (6 PTS)","34 - 40","6","5","1626156","D'Angelo Russell","1610612747","Los Angeles","Lakers","LAL","0","0",NA,NA,NA,NA,NA,"0","0",NA,NA,NA,NA,NA
"0021500455","167","2","98","2","6:48 PM","7:45","MISS Green 1' Cutting Layup Shot",NA,"Bass BLOCK (2 BLK)",NA,NA,"4","203210","JaMychal Green","1610612763","Memphis","Grizzlies","MEM","0","0",NA,NA,NA,NA,NA,"5","101138","Brandon Bass","1610612747","Los Angeles","Lakers","LAL"
"0021500455","168","4","0","2","6:48 PM","7:42",NA,NA,"Randle REBOUND (Off:1 Def:6)",NA,NA,"5","203944","Julius Randle","1610612747","Los Angeles","Lakers","LAL","0","0",NA,NA,NA,NA,NA,"0","0",NA,NA,NA,NA,NA
"0021500455","169","2","7","2","6:48 PM","7:36","Green BLOCK (1 BLK)",NA,"MISS Williams  Dunk",NA,NA,"5","101150","Lou Williams","1610612747","Los Angeles","Lakers","LAL","0","0",NA,NA,NA,NA,NA,"4","203210","JaMychal Green","1610612763","Memphis","Grizzlies","MEM"
"0021500455","170","4","0","2","6:48 PM","7:33",NA,NA,"Young REBOUND (Off:1 Def:0)",NA,NA,"5","201156","Nick Young","1610612747","Los Angeles","Lakers","LAL","0","0",NA,NA,NA,NA,NA,"0","0",NA,NA,NA,NA,NA
"0021500455","171","1","1","2","6:48 PM","7:29",NA,NA,"Young 24' 3PT Jump Shot (3 PTS)","37 - 40","3","5","201156","Nick Young","1610612747","Los Angeles","Lakers","LAL","0","0",NA,NA,NA,NA,NA,"0","0",NA,NA,NA,NA,NA
"0021500455","172","6","2","2","6:48 PM","7:11",NA,NA,"Randle S.FOUL (P1.T3) (D.Taylor)",NA,NA,"5","203944","Julius Randle","1610612747","Los Angeles","Lakers","LAL","4","2216","Zach Randolph","1610612763","Memphis","Grizzlies","MEM","1","0",NA,NA,NA,NA,NA
"0021500455","173","3","11","2","6:49 PM","7:11","Randolph Free Throw 1 of 2 (7 PTS)",NA,NA,"37 - 41","4","4","2216","Zach Randolph","1610612763","Memphis","Grizzlies","MEM","0","0",NA,NA,NA,NA,NA,"0","0",NA,NA,NA,NA,NA
"0021500455","175","8","0","2","6:49 PM","7:11","SUB: Barnes FOR Carter",NA,NA,NA,NA,"4","1713","Vince Carter","1610612763","Memphis","Grizzlies","MEM","4","2440","Matt Barnes","1610612763","Memphis","Grizzlies","MEM","0","0",NA,NA,NA,NA,NA
"0021500455","176","3","12","2","6:49 PM","7:11","Randolph Free Throw 2 of 2 (8 PTS)",NA,NA,"37 - 42","5","4","2216","Zach Randolph","1610612763","Memphis","Grizzlies","MEM","0","0",NA,NA,NA,NA,NA,"0","0",NA,NA,NA,NA,NA
"0021500455","178","2","1","2","6:49 PM","6:57","Green BLOCK (2 BLK)",NA,"MISS Williams  3PT Jump Shot",NA,NA,"5","101150","Lou Williams","1610612747","Los Angeles","Lakers","LAL","0","0",NA,NA,NA,NA,NA,"4","203210","JaMychal Green","1610612763","Memphis","Grizzlies","MEM"
"0021500455","179","4","0","2","6:50 PM","6:55","Green REBOUND (Off:0 Def:2)",NA,NA,NA,NA,"4","203210","JaMychal Green","1610612763","Memphis","Grizzlies","MEM","0","0",NA,NA,NA,NA,NA,"0","0",NA,NA,NA,NA,NA
"0021500455","180","2","46","2","6:50 PM","6:49","MISS Green 26' 3PT Running Jump Shot",NA,NA,NA,NA,"4","201145","Jeff Green","1610612763","Memphis","Grizzlies","MEM","0","0",NA,NA,NA,NA,NA,"0","0",NA,NA,NA,NA,NA
"0021500455","181","4","0","2","6:50 PM","6:47",NA,NA,"Young REBOUND (Off:1 Def:1)",NA,NA,"5","201156","Nick Young","1610612747","Los Angeles","Lakers","LAL","0","0",NA,NA,NA,NA,NA,"0","0",NA,NA,NA,NA,NA
"0021500455","182","2","1","2","6:50 PM","6:36",NA,NA,"MISS Russell 24' 3PT Jump Shot",NA,NA,"5","1626156","D'Angelo Russell","1610612747","Los Angeles","Lakers","LAL","0","0",NA,NA,NA,NA,NA,"0","0",NA,NA,NA,NA,NA
"0021500455","183","4","0","2","6:50 PM","6:35","Barnes REBOUND (Off:1 Def:2)",NA,NA,NA,NA,"4","2440","Matt Barnes","1610612763","Memphis","Grizzlies","MEM","0","0",NA,NA,NA,NA,NA,"0","0",NA,NA,NA,NA,NA
"0021500455","184","1","42","2","6:50 PM","6:16","Randolph 2' Driving Layup (10 PTS)",NA,NA,"37 - 44","7","4","2216","Zach Randolph","1610612763","Memphis","Grizzlies","MEM","0","0",NA,NA,NA,NA,NA,"0","0",NA,NA,NA,NA,NA
"0021500455","186","6","2","2","6:51 PM","5:51","Green S.FOUL (P1.T3) (J.Phillips)",NA,NA,NA,NA,"4","203210","JaMychal Green","1610612763","Memphis","Grizzlies","MEM","5","203944","Julius Randle","1610612747","Los Angeles","Lakers","LAL","1","0",NA,NA,NA,NA,NA
"0021500455","187","9","1","2","6:51 PM","5:51",NA,NA,NA,NA,NA,"1","0",NA,NA,NA,NA,NA,"0","0",NA,NA,NA,NA,NA,"0","0",NA,NA,NA,NA,NA
"0021500455","189","8","0","2","6:53 PM","5:51","SUB: Gasol FOR Randolph",NA,NA,NA,NA,"4","2216","Zach Randolph","1610612763","Memphis","Grizzlies","MEM","4","201188","Marc Gasol","1610612763","Memphis","Grizzlies","MEM","0","0",NA,NA,NA,NA,NA
"0021500455","190","8","0","2","6:53 PM","5:51","SUB: Conley FOR Chalmers",NA,NA,NA,NA,"4","201596","Mario Chalmers","1610612763","Memphis","Grizzlies","MEM","4","201144","Mike Conley","1610612763","Memphis","Grizzlies","MEM","0","0",NA,NA,NA,NA,NA
"0021500455","192","3","11","2","6:53 PM","5:51",NA,NA,"MISS Randle Free Throw 1 of 2",NA,NA,"5","203944","Julius Randle","1610612747","Los Angeles","Lakers","LAL","0","0",NA,NA,NA,NA,NA,"0","0",NA,NA,NA,NA,NA
"0021500455","193","4","1","2","6:53 PM","5:51",NA,NA,"Lakers Rebound",NA,NA,"3","1610612747",NA,NA,NA,NA,NA,"0","0",NA,NA,NA,NA,NA,"0","0",NA,NA,NA,NA,NA
"0021500455","194","3","12","2","6:53 PM","5:51",NA,NA,"Randle Free Throw 2 of 2 (3 PTS)","38 - 44","6","5","203944","Julius Randle","1610612747","Los Angeles","Lakers","LAL","0","0",NA,NA,NA,NA,NA,"0","0",NA,NA,NA,NA,NA
"0021500455","197","8","0","2","6:54 PM","5:33",NA,NA,"SUB: Clarkson FOR Russell",NA,NA,"5","1626156","D'Angelo Russell","1610612747","Los Angeles","Lakers","LAL","5","203903","Jordan Clarkson","1610612747","Los Angeles","Lakers","LAL","0","0",NA,NA,NA,NA,NA
"0021500455","198","8","0","2","6:54 PM","5:33",NA,NA,"SUB: Hibbert FOR Bass",NA,NA,"5","101138","Brandon Bass","1610612747","Los Angeles","Lakers","LAL","5","201579","Roy Hibbert","1610612747","Los Angeles","Lakers","LAL","0","0",NA,NA,NA,NA,NA
"0021500455","199","1","1","2","6:54 PM","5:28","Gasol 19' Jump Shot (8 PTS) (Conley 2 AST)",NA,NA,"38 - 46","8","4","201188","Marc Gasol","1610612763","Memphis","Grizzlies","MEM","4","201144","Mike Conley","1610612763","Memphis","Grizzlies","MEM","0","0",NA,NA,NA,NA,NA
"0021500455","200","2","1","2","6:55 PM","5:07",NA,NA,"MISS Randle 6' Jump Shot",NA,NA,"5","203944","Julius Randle","1610612747","Los Angeles","Lakers","LAL","0","0",NA,NA,NA,NA,NA,"0","0",NA,NA,NA,NA,NA
"0021500455","202","4","0","2","6:55 PM","5:05",NA,NA,"Randle REBOUND (Off:2 Def:6)",NA,NA,"5","203944","Julius Randle","1610612747","Los Angeles","Lakers","LAL","0","0",NA,NA,NA,NA,NA,"0","0",NA,NA,NA,NA,NA
"0021500455","201","2","97","2","6:55 PM","5:05",NA,NA,"MISS Randle  Tip Layup Shot",NA,NA,"5","203944","Julius Randle","1610612747","Los Angeles","Lakers","LAL","0","0",NA,NA,NA,NA,NA,"0","0",NA,NA,NA,NA,NA
"0021500455","203","4","0","2","6:55 PM","5:03","Green REBOUND (Off:0 Def:3)",NA,NA,NA,NA,"4","203210","JaMychal Green","1610612763","Memphis","Grizzlies","MEM","0","0",NA,NA,NA,NA,NA,"0","0",NA,NA,NA,NA,NA
"0021500455","204","5","1","2","6:55 PM","4:56","Barnes Bad Pass Turnover (P1.T3)",NA,"Young STEAL (1 STL)",NA,NA,"4","2440","Matt Barnes","1610612763","Memphis","Grizzlies","MEM","5","201156","Nick Young","1610612747","Los Angeles","Lakers","LAL","0","0",NA,NA,NA,NA,NA
"0021500455","205","2","50","2","6:55 PM","4:53","Green BLOCK (1 BLK)",NA,"MISS Young  Running Dunk",NA,NA,"5","201156","Nick Young","1610612747","Los Angeles","Lakers","LAL","0","0",NA,NA,NA,NA,NA,"4","201145","Jeff Green","1610612763","Memphis","Grizzlies","MEM"
"0021500455","206","4","0","2","6:55 PM","4:53",NA,NA,"Lakers Rebound",NA,NA,"3","1610612747",NA,NA,NA,NA,NA,"0","0",NA,NA,NA,NA,NA,"0","0",NA,NA,NA,NA,NA
"0021500455","207","1","1","2","6:55 PM","4:43",NA,NA,"Clarkson 21' Jump Shot (6 PTS)","40 - 46","6","5","203903","Jordan Clarkson","1610612747","Los Angeles","Lakers","LAL","0","0",NA,NA,NA,NA,NA,"0","0",NA,NA,NA,NA,NA
"0021500455","208","6","2","2","6:56 PM","4:23",NA,NA,"Hibbert S.FOUL (P2.T4) (D.Taylor)",NA,NA,"5","201579","Roy Hibbert","1610612747","Los Angeles","Lakers","LAL","4","201144","Mike Conley","1610612763","Memphis","Grizzlies","MEM","1","0",NA,NA,NA,NA,NA
"0021500455","209","3","11","2","6:56 PM","4:23","Conley Free Throw 1 of 2 (7 PTS)",NA,NA,"40 - 47","7","4","201144","Mike Conley","1610612763","Memphis","Grizzlies","MEM","0","0",NA,NA,NA,NA,NA,"0","0",NA,NA,NA,NA,NA
"0021500455","211","8","0","2","6:56 PM","4:23",NA,NA,"SUB: Nance Jr. FOR Randle",NA,NA,"5","203944","Julius Randle","1610612747","Los Angeles","Lakers","LAL","5","1626204","Larry Nance Jr.","1610612747","Los Angeles","Lakers","LAL","0","0",NA,NA,NA,NA,NA
"0021500455","212","3","12","2","6:56 PM","4:23","Conley Free Throw 2 of 2 (8 PTS)",NA,NA,"40 - 48","8","4","201144","Mike Conley","1610612763","Memphis","Grizzlies","MEM","0","0",NA,NA,NA,NA,NA,"0","0",NA,NA,NA,NA,NA
"0021500455","214","2","1","2","6:57 PM","4:02",NA,NA,"MISS Young 24' 3PT Jump Shot",NA,NA,"5","201156","Nick Young","1610612747","Los Angeles","Lakers","LAL","0","0",NA,NA,NA,NA,NA,"0","0",NA,NA,NA,NA,NA
"0021500455","215","4","0","2","6:57 PM","4:02","Gasol REBOUND (Off:0 Def:3)",NA,NA,NA,NA,"4","201188","Marc Gasol","1610612763","Memphis","Grizzlies","MEM","0","0",NA,NA,NA,NA,NA,"0","0",NA,NA,NA,NA,NA
"0021500455","216","1","86","2","6:57 PM","3:50","Gasol 9' Turnaround Fadeaway (10 PTS) (Conley 3 AST)",NA,NA,"40 - 50","10","4","201188","Marc Gasol","1610612763","Memphis","Grizzlies","MEM","4","201144","Mike Conley","1610612763","Memphis","Grizzlies","MEM","0","0",NA,NA,NA,NA,NA
"0021500455","217","5","11","2","6:58 PM","3:23",NA,NA,"Lakers Turnover: Shot Clock (T#5)",NA,NA,"3","1610612747",NA,NA,NA,NA,NA,"0","0",NA,NA,NA,NA,NA,"1","0",NA,NA,NA,NA,NA
"0021500455","218","2","1","2","6:58 PM","3:09","MISS Gasol 15' Jump Shot",NA,NA,NA,NA,"4","201188","Marc Gasol","1610612763","Memphis","Grizzlies","MEM","0","0",NA,NA,NA,NA,NA,"0","0",NA,NA,NA,NA,NA
"0021500455","219","4","0","2","6:58 PM","3:09",NA,NA,"Nance Jr. REBOUND (Off:1 Def:4)",NA,NA,"5","1626204","Larry Nance Jr.","1610612747","Los Angeles","Lakers","LAL","0","0",NA,NA,NA,NA,NA,"0","0",NA,NA,NA,NA,NA
"0021500455","220","1","42","2","6:58 PM","2:57",NA,NA,"Clarkson 1' Driving Layup (8 PTS)","42 - 50","8","5","203903","Jordan Clarkson","1610612747","Los Angeles","Lakers","LAL","0","0",NA,NA,NA,NA,NA,"0","0",NA,NA,NA,NA,NA
"0021500455","221","1","99","2","6:58 PM","2:40","Green 2' Cutting Finger Roll Layup Shot (8 PTS) (Gasol 4 AST)",NA,NA,"42 - 52","10","4","201145","Jeff Green","1610612763","Memphis","Grizzlies","MEM","4","201188","Marc Gasol","1610612763","Memphis","Grizzlies","MEM","0","0",NA,NA,NA,NA,NA
"0021500455","222","2","80","2","6:59 PM","2:25",NA,NA,"MISS Williams 23' Step Back Jump Shot",NA,NA,"5","101150","Lou Williams","1610612747","Los Angeles","Lakers","LAL","0","0",NA,NA,NA,NA,NA,"0","0",NA,NA,NA,NA,NA
"0021500455","223","4","0","2","6:59 PM","2:25","Barnes REBOUND (Off:1 Def:3)",NA,NA,NA,NA,"4","2440","Matt Barnes","1610612763","Memphis","Grizzlies","MEM","0","0",NA,NA,NA,NA,NA,"0","0",NA,NA,NA,NA,NA
"0021500455","225","6","2","2","6:59 PM","2:20",NA,NA,"Clarkson S.FOUL (P3.PN) (J.Phillips)",NA,NA,"5","203903","Jordan Clarkson","1610612747","Los Angeles","Lakers","LAL","4","201145","Jeff Green","1610612763","Memphis","Grizzlies","MEM","1","0",NA,NA,NA,NA,NA
"0021500455","226","9","1","2","6:59 PM","2:20",NA,NA,"Lakers Timeout: Regular (Reg.2 Short 0)",NA,NA,"3","1610612747",NA,NA,NA,NA,NA,"0","0",NA,NA,NA,NA,NA,"0","0",NA,NA,NA,NA,NA
"0021500455","227","8","0","2","7:01 PM","2:20",NA,NA,"SUB: Russell FOR Clarkson",NA,NA,"5","203903","Jordan Clarkson","1610612747","Los Angeles","Lakers","LAL","5","1626156","D'Angelo Russell","1610612747","Los Angeles","Lakers","LAL","0","0",NA,NA,NA,NA,NA
"0021500455","228","3","11","2","7:01 PM","2:20","Green Free Throw 1 of 2 (9 PTS)",NA,NA,"42 - 53","11","4","201145","Jeff Green","1610612763","Memphis","Grizzlies","MEM","0","0",NA,NA,NA,NA,NA,"0","0",NA,NA,NA,NA,NA
"0021500455","230","3","12","2","7:02 PM","2:20","Green Free Throw 2 of 2 (10 PTS)",NA,NA,"42 - 54","12","4","201145","Jeff Green","1610612763","Memphis","Grizzlies","MEM","0","0",NA,NA,NA,NA,NA,"0","0",NA,NA,NA,NA,NA
"0021500455","232","1","63","2","7:02 PM","2:02",NA,NA,"Young 15' Fadeaway Jumper (5 PTS) (Hibbert 2 AST)","44 - 54","10","5","201156","Nick Young","1610612747","Los Angeles","Lakers","LAL","5","201579","Roy Hibbert","1610612747","Los Angeles","Lakers","LAL","0","0",NA,NA,NA,NA,NA
"0021500455","233","1","79","2","7:02 PM","1:41","Gasol 10' Pullup Jump Shot (12 PTS) (Green 1 AST)",NA,NA,"44 - 56","12","4","201188","Marc Gasol","1610612763","Memphis","Grizzlies","MEM","4","201145","Jeff Green","1610612763","Memphis","Grizzlies","MEM","0","0",NA,NA,NA,NA,NA
"0021500455","234","5","2","2","7:03 PM","1:19","Gasol STEAL (1 STL)",NA,"Hibbert Lost Ball Turnover (P1.T6)",NA,NA,"5","201579","Roy Hibbert","1610612747","Los Angeles","Lakers","LAL","4","201188","Marc Gasol","1610612763","Memphis","Grizzlies","MEM","0","0",NA,NA,NA,NA,NA
"0021500455","235","1","1","2","7:03 PM","1:02","Conley 25' 3PT Jump Shot (11 PTS) (Gasol 5 AST)",NA,NA,"44 - 59","15","4","201144","Mike Conley","1610612763","Memphis","Grizzlies","MEM","4","201188","Marc Gasol","1610612763","Memphis","Grizzlies","MEM","0","0",NA,NA,NA,NA,NA
"0021500455","236","6","2","2","7:04 PM","0:46","Green S.FOUL (P1.T4) (D.Taylor)",NA,NA,NA,NA,"4","201145","Jeff Green","1610612763","Memphis","Grizzlies","MEM","5","1626156","D'Angelo Russell","1610612747","Los Angeles","Lakers","LAL","1","0",NA,NA,NA,NA,NA
"0021500455","237","3","11","2","7:04 PM","0:46",NA,NA,"Russell Free Throw 1 of 2 (7 PTS)","45 - 59","14","5","1626156","D'Angelo Russell","1610612747","Los Angeles","Lakers","LAL","0","0",NA,NA,NA,NA,NA,"0","0",NA,NA,NA,NA,NA
"0021500455","239","3","12","2","7:04 PM","0:46",NA,NA,"Russell Free Throw 2 of 2 (8 PTS)","46 - 59","13","5","1626156","D'Angelo Russell","1610612747","Los Angeles","Lakers","LAL","0","0",NA,NA,NA,NA,NA,"0","0",NA,NA,NA,NA,NA
"0021500455","241","2","1","2","7:04 PM","0:32","MISS Conley 16' Jump Shot",NA,NA,NA,NA,"4","201144","Mike Conley","1610612763","Memphis","Grizzlies","MEM","0","0",NA,NA,NA,NA,NA,"0","0",NA,NA,NA,NA,NA
"0021500455","242","4","0","2","7:04 PM","0:32",NA,NA,"Nance Jr. REBOUND (Off:1 Def:5)",NA,NA,"5","1626204","Larry Nance Jr.","1610612747","Los Angeles","Lakers","LAL","0","0",NA,NA,NA,NA,NA,"0","0",NA,NA,NA,NA,NA
"0021500455","243","2","5","2","7:05 PM","0:09",NA,NA,"MISS Nance Jr. 1' Layup",NA,NA,"5","1626204","Larry Nance Jr.","1610612747","Los Angeles","Lakers","LAL","0","0",NA,NA,NA,NA,NA,"0","0",NA,NA,NA,NA,NA
"0021500455","245","4","0","2","7:05 PM","0:07",NA,NA,"Nance Jr. REBOUND (Off:2 Def:5)",NA,NA,"5","1626204","Larry Nance Jr.","1610612747","Los Angeles","Lakers","LAL","0","0",NA,NA,NA,NA,NA,"0","0",NA,NA,NA,NA,NA
"0021500455","244","2","97","2","7:05 PM","0:07",NA,NA,"MISS Nance Jr. 1' Tip Layup Shot",NA,NA,"5","1626204","Larry Nance Jr.","1610612747","Los Angeles","Lakers","LAL","0","0",NA,NA,NA,NA,NA,"0","0",NA,NA,NA,NA,NA
"0021500455","246","4","0","2","7:05 PM","0:05","Barnes REBOUND (Off:1 Def:4)",NA,NA,NA,NA,"4","2440","Matt Barnes","1610612763","Memphis","Grizzlies","MEM","0","0",NA,NA,NA,NA,NA,"0","0",NA,NA,NA,NA,NA
"0021500455","247","2","71","2","7:05 PM","0:03","MISS Green 1' Finger Roll Layup",NA,NA,NA,NA,"4","203210","JaMychal Green","1610612763","Memphis","Grizzlies","MEM","0","0",NA,NA,NA,NA,NA,"0","0",NA,NA,NA,NA,NA
"0021500455","252","4","0","2","7:05 PM","0:02","Green REBOUND (Off:3 Def:1)",NA,NA,NA,NA,"4","201145","Jeff Green","1610612763","Memphis","Grizzlies","MEM","0","0",NA,NA,NA,NA,NA,"0","0",NA,NA,NA,NA,NA
"0021500455","251","2","97","2","7:05 PM","0:02","MISS Green 1' Tip Layup Shot",NA,NA,NA,NA,"4","201145","Jeff Green","1610612763","Memphis","Grizzlies","MEM","0","0",NA,NA,NA,NA,NA,"0","0",NA,NA,NA,NA,NA
"0021500455","248","4","0","2","7:05 PM","0:01",NA,NA,"Hibbert REBOUND (Off:0 Def:2)",NA,NA,"5","201579","Roy Hibbert","1610612747","Los Angeles","Lakers","LAL","0","0",NA,NA,NA,NA,NA,"0","0",NA,NA,NA,NA,NA
"0021500455","249","13","0","2","7:05 PM","0:00",NA,NA,NA,"46 - 59","13","0","0",NA,NA,NA,NA,NA,"0","0",NA,NA,NA,NA,NA,"0","0",NA,NA,NA,NA,NA
"0021500455","253","12","0","3","7:21 PM","12:00",NA,NA,NA,"46 - 59","13","0","0",NA,NA,NA,NA,NA,"0","0",NA,NA,NA,NA,NA,"0","0",NA,NA,NA,NA,NA
"0021500455","254","1","1","3","7:22 PM","11:42",NA,NA,"Nance Jr. 20' Jump Shot (6 PTS) (Clarkson 3 AST)","48 - 59","11","5","1626204","Larry Nance Jr.","1610612747","Los Angeles","Lakers","LAL","5","203903","Jordan Clarkson","1610612747","Los Angeles","Lakers","LAL","0","0",NA,NA,NA,NA,NA
"0021500455","255","1","1","3","7:22 PM","11:24","Green  3PT Jump Shot (13 PTS) (Lee 1 AST)",NA,NA,"48 - 62","14","4","201145","Jeff Green","1610612763","Memphis","Grizzlies","MEM","4","201584","Courtney Lee","1610612763","Memphis","Grizzlies","MEM","0","0",NA,NA,NA,NA,NA
"0021500455","256","5","1","3","7:22 PM","11:00","Conley STEAL (2 STL)",NA,"Bryant Bad Pass Turnover (P3.T7)",NA,NA,"5","977","Kobe Bryant","1610612747","Los Angeles","Lakers","LAL","4","201144","Mike Conley","1610612763","Memphis","Grizzlies","MEM","0","0",NA,NA,NA,NA,NA
"0021500455","257","6","28","3","7:22 PM","10:59",NA,NA,"Bryant Personal Take Foul (P2.T1) (J.Phillips)",NA,NA,"5","977","Kobe Bryant","1610612747","Los Angeles","Lakers","LAL","4","201144","Mike Conley","1610612763","Memphis","Grizzlies","MEM","1","0",NA,NA,NA,NA,NA
"0021500455","258","1","78","3","7:23 PM","10:49","Conley 9' Floating Jump Shot (13 PTS)",NA,NA,"48 - 64","16","4","201144","Mike Conley","1610612763","Memphis","Grizzlies","MEM","0","0",NA,NA,NA,NA,NA,"0","0",NA,NA,NA,NA,NA
"0021500455","260","1","1","3","7:23 PM","10:28",NA,NA,"Nance Jr. 20' Jump Shot (8 PTS) (Bryant 1 AST)","50 - 64","14","5","1626204","Larry Nance Jr.","1610612747","Los Angeles","Lakers","LAL","5","977","Kobe Bryant","1610612747","Los Angeles","Lakers","LAL","0","0",NA,NA,NA,NA,NA
"0021500455","261","6","1","3","7:24 PM","10:17",NA,NA,"Clarkson P.FOUL (P4.T2) (J.Phillips)",NA,NA,"5","203903","Jordan Clarkson","1610612747","Los Angeles","Lakers","LAL","4","201144","Mike Conley","1610612763","Memphis","Grizzlies","MEM","1","0",NA,NA,NA,NA,NA
"0021500455","262","1","1","3","7:24 PM","10:07","Barnes 24' 3PT Jump Shot (3 PTS) (Green 2 AST)",NA,NA,"50 - 67","17","4","2440","Matt Barnes","1610612763","Memphis","Grizzlies","MEM","4","201145","Jeff Green","1610612763","Memphis","Grizzlies","MEM","0","0",NA,NA,NA,NA,NA
"0021500455","263","6","2","3","7:24 PM","9:48","Barnes S.FOUL (P1.T1) (D.Taylor)",NA,NA,NA,NA,"4","2440","Matt Barnes","1610612763","Memphis","Grizzlies","MEM","5","977","Kobe Bryant","1610612747","Los Angeles","Lakers","LAL","1","0",NA,NA,NA,NA,NA
"0021500455","264","3","13","3","7:25 PM","9:48",NA,NA,"Bryant Free Throw 1 of 3 (15 PTS)","51 - 67","16","5","977","Kobe Bryant","1610612747","Los Angeles","Lakers","LAL","0","0",NA,NA,NA,NA,NA,"0","0",NA,NA,NA,NA,NA
"0021500455","266","3","14","3","7:25 PM","9:48",NA,NA,"Bryant Free Throw 2 of 3 (16 PTS)","52 - 67","15","5","977","Kobe Bryant","1610612747","Los Angeles","Lakers","LAL","0","0",NA,NA,NA,NA,NA,"0","0",NA,NA,NA,NA,NA
"0021500455","268","3","15","3","7:25 PM","9:48",NA,NA,"MISS Bryant Free Throw 3 of 3",NA,NA,"5","977","Kobe Bryant","1610612747","Los Angeles","Lakers","LAL","0","0",NA,NA,NA,NA,NA,"0","0",NA,NA,NA,NA,NA
"0021500455","270","4","0","3","7:25 PM","9:46","Barnes REBOUND (Off:1 Def:5)",NA,NA,NA,NA,"4","2440","Matt Barnes","1610612763","Memphis","Grizzlies","MEM","0","0",NA,NA,NA,NA,NA,"0","0",NA,NA,NA,NA,NA
"0021500455","271","6","1","3","7:26 PM","9:32",NA,NA,"Hibbert P.FOUL (P3.T3) (J.Phillips)",NA,NA,"5","201579","Roy Hibbert","1610612747","Los Angeles","Lakers","LAL","4","201188","Marc Gasol","1610612763","Memphis","Grizzlies","MEM","1","0",NA,NA,NA,NA,NA
"0021500455","272","2","1","3","7:26 PM","9:20","MISS Gasol 18' Jump Shot",NA,NA,NA,NA,"4","201188","Marc Gasol","1610612763","Memphis","Grizzlies","MEM","0","0",NA,NA,NA,NA,NA,"0","0",NA,NA,NA,NA,NA
"0021500455","273","4","0","3","7:26 PM","9:20",NA,NA,"Bryant REBOUND (Off:0 Def:2)",NA,NA,"5","977","Kobe Bryant","1610612747","Los Angeles","Lakers","LAL","0","0",NA,NA,NA,NA,NA,"0","0",NA,NA,NA,NA,NA
"0021500455","274","2","1","3","7:26 PM","9:10",NA,NA,"MISS Clarkson 26' 3PT Jump Shot",NA,NA,"5","203903","Jordan Clarkson","1610612747","Los Angeles","Lakers","LAL","0","0",NA,NA,NA,NA,NA,"0","0",NA,NA,NA,NA,NA
"0021500455","275","4","0","3","7:26 PM","9:09",NA,NA,"Hibbert REBOUND (Off:1 Def:2)",NA,NA,"5","201579","Roy Hibbert","1610612747","Los Angeles","Lakers","LAL","0","0",NA,NA,NA,NA,NA,"0","0",NA,NA,NA,NA,NA
"0021500455","276","6","2","3","7:26 PM","9:09","Gasol S.FOUL (P2.T2) (D.Taylor)",NA,NA,NA,NA,"4","201188","Marc Gasol","1610612763","Memphis","Grizzlies","MEM","5","201579","Roy Hibbert","1610612747","Los Angeles","Lakers","LAL","1","0",NA,NA,NA,NA,NA
"0021500455","277","3","11","3","7:26 PM","9:09",NA,NA,"Hibbert Free Throw 1 of 2 (2 PTS)","53 - 67","14","5","201579","Roy Hibbert","1610612747","Los Angeles","Lakers","LAL","0","0",NA,NA,NA,NA,NA,"0","0",NA,NA,NA,NA,NA
"0021500455","278","3","12","3","7:27 PM","9:09",NA,NA,"Hibbert Free Throw 2 of 2 (3 PTS)","54 - 67","13","5","201579","Roy Hibbert","1610612747","Los Angeles","Lakers","LAL","0","0",NA,NA,NA,NA,NA,"0","0",NA,NA,NA,NA,NA
"0021500455","280","1","3","3","7:27 PM","8:50","Green 4' Hook Shot (15 PTS)",NA,NA,"54 - 69","15","4","201145","Jeff Green","1610612763","Memphis","Grizzlies","MEM","0","0",NA,NA,NA,NA,NA,"0","0",NA,NA,NA,NA,NA
"0021500455","281","2","1","3","7:28 PM","8:32",NA,NA,"MISS Bryant 28' 3PT Jump Shot",NA,NA,"5","977","Kobe Bryant","1610612747","Los Angeles","Lakers","LAL","0","0",NA,NA,NA,NA,NA,"0","0",NA,NA,NA,NA,NA
"0021500455","282","4","0","3","7:28 PM","8:32","Conley REBOUND (Off:0 Def:3)",NA,NA,NA,NA,"4","201144","Mike Conley","1610612763","Memphis","Grizzlies","MEM","0","0",NA,NA,NA,NA,NA,"0","0",NA,NA,NA,NA,NA
"0021500455","283","1","98","3","7:28 PM","8:13","Conley 1' Cutting Layup Shot (15 PTS) (Gasol 6 AST)",NA,NA,"54 - 71","17","4","201144","Mike Conley","1610612763","Memphis","Grizzlies","MEM","4","201188","Marc Gasol","1610612763","Memphis","Grizzlies","MEM","0","0",NA,NA,NA,NA,NA
"0021500455","284","1","1","3","7:28 PM","7:59",NA,NA,"Clarkson 21' Jump Shot (10 PTS)","56 - 71","15","5","203903","Jordan Clarkson","1610612747","Los Angeles","Lakers","LAL","0","0",NA,NA,NA,NA,NA,"0","0",NA,NA,NA,NA,NA
"0021500455","285","1","1","3","7:29 PM","7:39","Lee  3PT Jump Shot (9 PTS) (Green 3 AST)",NA,NA,"56 - 74","18","4","201584","Courtney Lee","1610612763","Memphis","Grizzlies","MEM","4","201145","Jeff Green","1610612763","Memphis","Grizzlies","MEM","0","0",NA,NA,NA,NA,NA
"0021500455","287","1","1","3","7:29 PM","7:16",NA,NA,"Bryant 18' Jump Shot (18 PTS)","58 - 74","16","5","977","Kobe Bryant","1610612747","Los Angeles","Lakers","LAL","0","0",NA,NA,NA,NA,NA,"0","0",NA,NA,NA,NA,NA
"0021500455","288","6","2","3","7:29 PM","7:16","Barnes S.FOUL (P2.T3) (D.Taylor)",NA,NA,NA,NA,"4","2440","Matt Barnes","1610612763","Memphis","Grizzlies","MEM","5","977","Kobe Bryant","1610612747","Los Angeles","Lakers","LAL","1","0",NA,NA,NA,NA,NA
"0021500455","289","3","10","3","7:30 PM","7:16",NA,NA,"Bryant Free Throw 1 of 1 (19 PTS)","59 - 74","15","5","977","Kobe Bryant","1610612747","Los Angeles","Lakers","LAL","0","0",NA,NA,NA,NA,NA,"0","0",NA,NA,NA,NA,NA
"0021500455","290","6","1","3","7:30 PM","6:57",NA,NA,"Hibbert P.FOUL (P4.T4) (J.Phillips)",NA,NA,"5","201579","Roy Hibbert","1610612747","Los Angeles","Lakers","LAL","4","201188","Marc Gasol","1610612763","Memphis","Grizzlies","MEM","1","0",NA,NA,NA,NA,NA
"0021500455","291","3","11","3","7:30 PM","6:57","Gasol Free Throw 1 of 2 (13 PTS)",NA,NA,"59 - 75","16","4","201188","Marc Gasol","1610612763","Memphis","Grizzlies","MEM","0","0",NA,NA,NA,NA,NA,"0","0",NA,NA,NA,NA,NA
"0021500455","293","8","0","3","7:31 PM","6:57","SUB: Chalmers FOR Conley",NA,NA,NA,NA,"4","201144","Mike Conley","1610612763","Memphis","Grizzlies","MEM","4","201596","Mario Chalmers","1610612763","Memphis","Grizzlies","MEM","0","0",NA,NA,NA,NA,NA
"0021500455","294","3","12","3","7:31 PM","6:57","Gasol Free Throw 2 of 2 (14 PTS)",NA,NA,"59 - 76","17","4","201188","Marc Gasol","1610612763","Memphis","Grizzlies","MEM","0","0",NA,NA,NA,NA,NA,"0","0",NA,NA,NA,NA,NA
"0021500455","296","6","1","3","7:31 PM","6:45","Green P.FOUL (P2.T4) (G.Zielinski)",NA,NA,NA,NA,"4","201145","Jeff Green","1610612763","Memphis","Grizzlies","MEM","5","1626204","Larry Nance Jr.","1610612747","Los Angeles","Lakers","LAL","1","0",NA,NA,NA,NA,NA
"0021500455","297","2","1","3","7:32 PM","6:36",NA,NA,"MISS Bryant 17' Jump Shot",NA,NA,"5","977","Kobe Bryant","1610612747","Los Angeles","Lakers","LAL","0","0",NA,NA,NA,NA,NA,"0","0",NA,NA,NA,NA,NA
"0021500455","298","4","0","3","7:32 PM","6:36","Chalmers REBOUND (Off:0 Def:3)",NA,NA,NA,NA,"4","201596","Mario Chalmers","1610612763","Memphis","Grizzlies","MEM","0","0",NA,NA,NA,NA,NA,"0","0",NA,NA,NA,NA,NA
"0021500455","299","1","41","3","7:32 PM","6:31","Barnes  Running Layup (5 PTS) (Chalmers 4 AST)",NA,NA,"59 - 78","19","4","2440","Matt Barnes","1610612763","Memphis","Grizzlies","MEM","4","201596","Mario Chalmers","1610612763","Memphis","Grizzlies","MEM","0","0",NA,NA,NA,NA,NA
"0021500455","300","1","108","3","7:32 PM","6:20",NA,NA,"Nance Jr.  Cutting Dunk Shot (10 PTS) (Bryant 2 AST)","61 - 78","17","5","1626204","Larry Nance Jr.","1610612747","Los Angeles","Lakers","LAL","5","977","Kobe Bryant","1610612747","Los Angeles","Lakers","LAL","0","0",NA,NA,NA,NA,NA
"0021500455","301","1","86","3","7:32 PM","5:52","Gasol 9' Turnaround Fadeaway (16 PTS) (Chalmers 5 AST)",NA,NA,"61 - 80","19","4","201188","Marc Gasol","1610612763","Memphis","Grizzlies","MEM","4","201596","Mario Chalmers","1610612763","Memphis","Grizzlies","MEM","0","0",NA,NA,NA,NA,NA
"0021500455","302","2","101","3","7:33 PM","5:35",NA,NA,"MISS Clarkson 7' Driving Floating Jump Shot",NA,NA,"5","203903","Jordan Clarkson","1610612747","Los Angeles","Lakers","LAL","0","0",NA,NA,NA,NA,NA,"0","0",NA,NA,NA,NA,NA
"0021500455","303","4","0","3","7:33 PM","5:34","Barnes REBOUND (Off:1 Def:6)",NA,NA,NA,NA,"4","2440","Matt Barnes","1610612763","Memphis","Grizzlies","MEM","0","0",NA,NA,NA,NA,NA,"0","0",NA,NA,NA,NA,NA
"0021500455","304","5","1","3","7:33 PM","5:28","Green Bad Pass Turnover (P1.T4)",NA,"Nance Jr. STEAL (1 STL)",NA,NA,"4","201145","Jeff Green","1610612763","Memphis","Grizzlies","MEM","5","1626204","Larry Nance Jr.","1610612747","Los Angeles","Lakers","LAL","0","0",NA,NA,NA,NA,NA
"0021500455","305","2","1","3","7:33 PM","5:17",NA,NA,"MISS Hibbert 16' Jump Shot",NA,NA,"5","201579","Roy Hibbert","1610612747","Los Angeles","Lakers","LAL","0","0",NA,NA,NA,NA,NA,"0","0",NA,NA,NA,NA,NA
"0021500455","306","4","0","3","7:33 PM","5:16","Barnes REBOUND (Off:1 Def:7)",NA,NA,NA,NA,"4","2440","Matt Barnes","1610612763","Memphis","Grizzlies","MEM","0","0",NA,NA,NA,NA,NA,"0","0",NA,NA,NA,NA,NA
"0021500455","307","9","1","3","7:33 PM","5:15","GRIZZLIES Timeout: Regular (Full 3 Short 0)",NA,NA,NA,NA,"2","1610612763",NA,NA,NA,NA,NA,"0","0",NA,NA,NA,NA,NA,"0","0",NA,NA,NA,NA,NA
"0021500455","309","8","0","3","7:35 PM","5:15","SUB: Randolph FOR Gasol",NA,NA,NA,NA,"4","201188","Marc Gasol","1610612763","Memphis","Grizzlies","MEM","4","2216","Zach Randolph","1610612763","Memphis","Grizzlies","MEM","0","0",NA,NA,NA,NA,NA
"0021500455","310","8","0","3","7:35 PM","5:15",NA,NA,"SUB: Russell FOR Clarkson",NA,NA,"5","203903","Jordan Clarkson","1610612747","Los Angeles","Lakers","LAL","5","1626156","D'Angelo Russell","1610612747","Los Angeles","Lakers","LAL","0","0",NA,NA,NA,NA,NA
"0021500455","311","1","1","3","7:36 PM","4:54","Randolph 15' Jump Shot (12 PTS) (Barnes 2 AST)",NA,NA,"61 - 82","21","4","2216","Zach Randolph","1610612763","Memphis","Grizzlies","MEM","4","2440","Matt Barnes","1610612763","Memphis","Grizzlies","MEM","0","0",NA,NA,NA,NA,NA
"0021500455","312","1","1","3","7:36 PM","4:32",NA,NA,"Nance Jr. 18' Jump Shot (12 PTS) (Russell 1 AST)","63 - 82","19","5","1626204","Larry Nance Jr.","1610612747","Los Angeles","Lakers","LAL","5","1626156","D'Angelo Russell","1610612747","Los Angeles","Lakers","LAL","0","0",NA,NA,NA,NA,NA
"0021500455","313","1","1","3","7:36 PM","4:18","Green 15' Jump Shot (17 PTS) (Chalmers 6 AST)",NA,NA,"63 - 84","21","4","201145","Jeff Green","1610612763","Memphis","Grizzlies","MEM","4","201596","Mario Chalmers","1610612763","Memphis","Grizzlies","MEM","0","0",NA,NA,NA,NA,NA
"0021500455","314","6","1","3","7:37 PM","4:08","Chalmers P.FOUL (P1.PN) (G.Zielinski)",NA,NA,NA,NA,"4","201596","Mario Chalmers","1610612763","Memphis","Grizzlies","MEM","5","1626204","Larry Nance Jr.","1610612747","Los Angeles","Lakers","LAL","1","0",NA,NA,NA,NA,NA
"0021500455","315","8","0","3","7:37 PM","4:08","SUB: Allen FOR Barnes",NA,NA,NA,NA,"4","2440","Matt Barnes","1610612763","Memphis","Grizzlies","MEM","4","2754","Tony Allen","1610612763","Memphis","Grizzlies","MEM","0","0",NA,NA,NA,NA,NA
"0021500455","316","3","11","3","7:37 PM","4:08",NA,NA,"Nance Jr. Free Throw 1 of 2 (13 PTS)","64 - 84","20","5","1626204","Larry Nance Jr.","1610612747","Los Angeles","Lakers","LAL","0","0",NA,NA,NA,NA,NA,"0","0",NA,NA,NA,NA,NA
"0021500455","318","3","12","3","7:37 PM","4:08",NA,NA,"MISS Nance Jr. Free Throw 2 of 2",NA,NA,"5","1626204","Larry Nance Jr.","1610612747","Los Angeles","Lakers","LAL","0","0",NA,NA,NA,NA,NA,"0","0",NA,NA,NA,NA,NA
"0021500455","320","4","0","3","7:37 PM","4:06",NA,NA,"Hibbert REBOUND (Off:2 Def:2)",NA,NA,"5","201579","Roy Hibbert","1610612747","Los Angeles","Lakers","LAL","0","0",NA,NA,NA,NA,NA,"0","0",NA,NA,NA,NA,NA
"0021500455","321","2","1","3","7:37 PM","4:02",NA,NA,"MISS Bryant 25' 3PT Jump Shot",NA,NA,"5","977","Kobe Bryant","1610612747","Los Angeles","Lakers","LAL","0","0",NA,NA,NA,NA,NA,"0","0",NA,NA,NA,NA,NA
"0021500455","322","4","0","3","7:37 PM","4:02",NA,NA,"Nance Jr. REBOUND (Off:3 Def:5)",NA,NA,"5","1626204","Larry Nance Jr.","1610612747","Los Angeles","Lakers","LAL","0","0",NA,NA,NA,NA,NA,"0","0",NA,NA,NA,NA,NA
"0021500455","323","2","1","3","7:38 PM","3:56",NA,NA,"MISS Williams 26' 3PT Jump Shot",NA,NA,"5","101150","Lou Williams","1610612747","Los Angeles","Lakers","LAL","0","0",NA,NA,NA,NA,NA,"0","0",NA,NA,NA,NA,NA
"0021500455","324","4","0","3","7:38 PM","3:56",NA,NA,"Lakers Rebound",NA,NA,"3","1610612747",NA,NA,NA,NA,NA,"0","0",NA,NA,NA,NA,NA,"0","0",NA,NA,NA,NA,NA
"0021500455","325","2","86","3","7:38 PM","3:47",NA,NA,"MISS Bryant 14' Turnaround Fadeaway Shot",NA,NA,"5","977","Kobe Bryant","1610612747","Los Angeles","Lakers","LAL","0","0",NA,NA,NA,NA,NA,"0","0",NA,NA,NA,NA,NA
"0021500455","326","4","0","3","7:38 PM","3:46","Randolph REBOUND (Off:0 Def:3)",NA,NA,NA,NA,"4","2216","Zach Randolph","1610612763","Memphis","Grizzlies","MEM","0","0",NA,NA,NA,NA,NA,"0","0",NA,NA,NA,NA,NA
"0021500455","327","1","79","3","7:38 PM","3:38","Lee 18' Pullup Jump Shot (11 PTS) (Green 4 AST)",NA,NA,"64 - 86","22","4","201584","Courtney Lee","1610612763","Memphis","Grizzlies","MEM","4","201145","Jeff Green","1610612763","Memphis","Grizzlies","MEM","0","0",NA,NA,NA,NA,NA
"0021500455","328","1","42","3","7:38 PM","3:19",NA,NA,"Nance Jr. 2' Driving Layup (15 PTS) (Russell 2 AST)","66 - 86","20","5","1626204","Larry Nance Jr.","1610612747","Los Angeles","Lakers","LAL","5","1626156","D'Angelo Russell","1610612747","Los Angeles","Lakers","LAL","0","0",NA,NA,NA,NA,NA
"0021500455","329","2","42","3","7:39 PM","3:09","MISS Chalmers 2' Driving Layup",NA,NA,NA,NA,"4","201596","Mario Chalmers","1610612763","Memphis","Grizzlies","MEM","0","0",NA,NA,NA,NA,NA,"0","0",NA,NA,NA,NA,NA
"0021500455","331","4","0","3","7:39 PM","3:07","Chalmers REBOUND (Off:1 Def:3)",NA,NA,NA,NA,"4","201596","Mario Chalmers","1610612763","Memphis","Grizzlies","MEM","0","0",NA,NA,NA,NA,NA,"0","0",NA,NA,NA,NA,NA
"0021500455","330","2","97","3","7:39 PM","3:07","MISS Chalmers  Tip Layup Shot",NA,NA,NA,NA,"4","201596","Mario Chalmers","1610612763","Memphis","Grizzlies","MEM","0","0",NA,NA,NA,NA,NA,"0","0",NA,NA,NA,NA,NA
"0021500455","332","4","0","3","7:39 PM","3:05",NA,NA,"Nance Jr. REBOUND (Off:3 Def:6)",NA,NA,"5","1626204","Larry Nance Jr.","1610612747","Los Angeles","Lakers","LAL","0","0",NA,NA,NA,NA,NA,"0","0",NA,NA,NA,NA,NA
"0021500455","333","1","41","3","7:39 PM","3:00",NA,NA,"Russell 1' Running Layup (10 PTS)","68 - 86","18","5","1626156","D'Angelo Russell","1610612747","Los Angeles","Lakers","LAL","0","0",NA,NA,NA,NA,NA,"0","0",NA,NA,NA,NA,NA
"0021500455","334","1","1","3","7:39 PM","2:39","Randolph 14' Jump Shot (14 PTS) (Lee 2 AST)",NA,NA,"68 - 88","20","4","2216","Zach Randolph","1610612763","Memphis","Grizzlies","MEM","4","201584","Courtney Lee","1610612763","Memphis","Grizzlies","MEM","0","0",NA,NA,NA,NA,NA
"0021500455","335","5","1","3","7:39 PM","2:27","Chalmers STEAL (1 STL)",NA,"Russell Bad Pass Turnover (P2.T8)",NA,NA,"5","1626156","D'Angelo Russell","1610612747","Los Angeles","Lakers","LAL","4","201596","Mario Chalmers","1610612763","Memphis","Grizzlies","MEM","0","0",NA,NA,NA,NA,NA
"0021500455","336","2","50","3","7:39 PM","2:23","MISS Chalmers  Running Dunk",NA,"Williams BLOCK (1 BLK)",NA,NA,"4","201596","Mario Chalmers","1610612763","Memphis","Grizzlies","MEM","0","0",NA,NA,NA,NA,NA,"5","101150","Lou Williams","1610612747","Los Angeles","Lakers","LAL"
"0021500455","338","4","0","3","7:39 PM","2:19","Lee REBOUND (Off:1 Def:1)",NA,NA,NA,NA,"4","201584","Courtney Lee","1610612763","Memphis","Grizzlies","MEM","0","0",NA,NA,NA,NA,NA,"0","0",NA,NA,NA,NA,NA
"0021500455","337","1","66","3","7:39 PM","2:19","Lee 4' Jump Bank Shot (13 PTS)",NA,NA,"68 - 90","22","4","201584","Courtney Lee","1610612763","Memphis","Grizzlies","MEM","0","0",NA,NA,NA,NA,NA,"0","0",NA,NA,NA,NA,NA
"0021500455","340","6","2","3","7:40 PM","2:03","Randolph S.FOUL (P2.PN) (J.Phillips)",NA,NA,NA,NA,"4","2216","Zach Randolph","1610612763","Memphis","Grizzlies","MEM","5","201579","Roy Hibbert","1610612747","Los Angeles","Lakers","LAL","1","0",NA,NA,NA,NA,NA
"0021500455","341","9","1","3","7:40 PM","2:03",NA,NA,"Lakers Timeout: Regular (Reg.3 Short 0)",NA,NA,"3","1610612747",NA,NA,NA,NA,NA,"0","0",NA,NA,NA,NA,NA,"0","0",NA,NA,NA,NA,NA
"0021500455","343","8","0","3","7:42 PM","2:03","SUB: Green FOR Green",NA,NA,NA,NA,"4","201145","Jeff Green","1610612763","Memphis","Grizzlies","MEM","4","203210","JaMychal Green","1610612763","Memphis","Grizzlies","MEM","0","0",NA,NA,NA,NA,NA
"0021500455","344","3","11","3","7:42 PM","2:03",NA,NA,"Hibbert Free Throw 1 of 2 (4 PTS)","69 - 90","21","5","201579","Roy Hibbert","1610612747","Los Angeles","Lakers","LAL","0","0",NA,NA,NA,NA,NA,"0","0",NA,NA,NA,NA,NA
"0021500455","346","3","12","3","7:43 PM","2:03",NA,NA,"Hibbert Free Throw 2 of 2 (5 PTS)","70 - 90","20","5","201579","Roy Hibbert","1610612747","Los Angeles","Lakers","LAL","0","0",NA,NA,NA,NA,NA,"0","0",NA,NA,NA,NA,NA
"0021500455","348","5","2","3","7:43 PM","1:47","Chalmers Lost Ball Turnover (P1.T5)",NA,"Nance Jr. STEAL (2 STL)",NA,NA,"4","201596","Mario Chalmers","1610612763","Memphis","Grizzlies","MEM","5","1626204","Larry Nance Jr.","1610612747","Los Angeles","Lakers","LAL","0","0",NA,NA,NA,NA,NA
"0021500455","349","1","50","3","7:43 PM","1:43",NA,NA,"Williams  Running Dunk (5 PTS) (Nance Jr. 1 AST)","72 - 90","18","5","101150","Lou Williams","1610612747","Los Angeles","Lakers","LAL","5","1626204","Larry Nance Jr.","1610612747","Los Angeles","Lakers","LAL","0","0",NA,NA,NA,NA,NA
"0021500455","350","2","1","3","7:43 PM","1:26","MISS Green 13' Jump Shot",NA,NA,NA,NA,"4","203210","JaMychal Green","1610612763","Memphis","Grizzlies","MEM","0","0",NA,NA,NA,NA,NA,"0","0",NA,NA,NA,NA,NA
"0021500455","351","4","0","3","7:43 PM","1:25",NA,NA,"Nance Jr. REBOUND (Off:3 Def:7)",NA,NA,"5","1626204","Larry Nance Jr.","1610612747","Los Angeles","Lakers","LAL","0","0",NA,NA,NA,NA,NA,"0","0",NA,NA,NA,NA,NA
"0021500455","352","2","1","3","7:44 PM","1:11",NA,NA,"MISS Bryant 25' 3PT Jump Shot",NA,NA,"5","977","Kobe Bryant","1610612747","Los Angeles","Lakers","LAL","0","0",NA,NA,NA,NA,NA,"0","0",NA,NA,NA,NA,NA
"0021500455","353","4","0","3","7:44 PM","1:11",NA,NA,"Nance Jr. REBOUND (Off:4 Def:7)",NA,NA,"5","1626204","Larry Nance Jr.","1610612747","Los Angeles","Lakers","LAL","0","0",NA,NA,NA,NA,NA,"0","0",NA,NA,NA,NA,NA
"0021500455","354","5","2","3","7:44 PM","1:09","Lee STEAL (1 STL)",NA,"Nance Jr. Lost Ball Turnover (P1.T9)",NA,NA,"5","1626204","Larry Nance Jr.","1610612747","Los Angeles","Lakers","LAL","4","201584","Courtney Lee","1610612763","Memphis","Grizzlies","MEM","0","0",NA,NA,NA,NA,NA
"0021500455","355","1","50","3","7:44 PM","1:04","Allen 1' Running Dunk (2 PTS) (Lee 3 AST)",NA,NA,"72 - 92","20","4","2754","Tony Allen","1610612763","Memphis","Grizzlies","MEM","4","201584","Courtney Lee","1610612763","Memphis","Grizzlies","MEM","0","0",NA,NA,NA,NA,NA
"0021500455","356","1","1","3","7:44 PM","0:41",NA,NA,"Nance Jr. 17' Jump Shot (17 PTS) (Bryant 3 AST)","74 - 92","18","5","1626204","Larry Nance Jr.","1610612747","Los Angeles","Lakers","LAL","5","977","Kobe Bryant","1610612747","Los Angeles","Lakers","LAL","0","0",NA,NA,NA,NA,NA
"0021500455","357","2","1","3","7:44 PM","0:24","MISS Chalmers 25' 3PT Jump Shot",NA,NA,NA,NA,"4","201596","Mario Chalmers","1610612763","Memphis","Grizzlies","MEM","0","0",NA,NA,NA,NA,NA,"0","0",NA,NA,NA,NA,NA
"0021500455","358","4","0","3","7:45 PM","0:24",NA,NA,"Lakers Rebound",NA,NA,"3","1610612747",NA,NA,NA,NA,NA,"0","0",NA,NA,NA,NA,NA,"0","0",NA,NA,NA,NA,NA
"0021500455","359","2","1","3","7:45 PM","0:02",NA,NA,"MISS Williams 26' 3PT Jump Shot",NA,NA,"5","101150","Lou Williams","1610612747","Los Angeles","Lakers","LAL","0","0",NA,NA,NA,NA,NA,"0","0",NA,NA,NA,NA,NA
"0021500455","360","4","0","3","7:45 PM","0:02","Allen REBOUND (Off:0 Def:2)",NA,NA,NA,NA,"4","2754","Tony Allen","1610612763","Memphis","Grizzlies","MEM","0","0",NA,NA,NA,NA,NA,"0","0",NA,NA,NA,NA,NA
"0021500455","361","2","5","3","7:45 PM","0:00","MISS Allen 2' Layup",NA,NA,NA,NA,"4","2754","Tony Allen","1610612763","Memphis","Grizzlies","MEM","0","0",NA,NA,NA,NA,NA,"0","0",NA,NA,NA,NA,NA
"0021500455","363","4","0","3","7:45 PM","0:00","GRIZZLIES Rebound",NA,NA,NA,NA,"2","1610612763",NA,NA,NA,NA,NA,"0","0",NA,NA,NA,NA,NA,"0","0",NA,NA,NA,NA,NA
"0021500455","362","13","0","3","7:45 PM","0:00",NA,NA,NA,"74 - 92","18","0","0",NA,NA,NA,NA,NA,"0","0",NA,NA,NA,NA,NA,"0","0",NA,NA,NA,NA,NA
"0021500455","365","12","0","4","7:48 PM","12:00",NA,NA,NA,"74 - 92","18","0","0",NA,NA,NA,NA,NA,"0","0",NA,NA,NA,NA,NA,"0","0",NA,NA,NA,NA,NA
"0021500455","366","1","1","4","7:48 PM","11:34","Chalmers 25' 3PT Jump Shot (9 PTS) (Conley 4 AST)",NA,NA,"74 - 95","21","4","201596","Mario Chalmers","1610612763","Memphis","Grizzlies","MEM","4","201144","Mike Conley","1610612763","Memphis","Grizzlies","MEM","0","0",NA,NA,NA,NA,NA
"0021500455","367","5","2","4","7:49 PM","11:08","Green STEAL (1 STL)",NA,"Russell Lost Ball Turnover (P3.T10)",NA,NA,"5","1626156","D'Angelo Russell","1610612747","Los Angeles","Lakers","LAL","4","203210","JaMychal Green","1610612763","Memphis","Grizzlies","MEM","0","0",NA,NA,NA,NA,NA
"0021500455","368","6","1","4","7:49 PM","10:52",NA,NA,"Randle P.FOUL (P2.T1) (G.Zielinski)",NA,NA,"5","203944","Julius Randle","1610612747","Los Angeles","Lakers","LAL","4","2216","Zach Randolph","1610612763","Memphis","Grizzlies","MEM","1","0",NA,NA,NA,NA,NA
"0021500455","369","1","66","4","7:50 PM","10:44","Green 21' Jump Bank Shot (4 PTS) (Chalmers 7 AST)",NA,NA,"74 - 97","23","4","203210","JaMychal Green","1610612763","Memphis","Grizzlies","MEM","4","201596","Mario Chalmers","1610612763","Memphis","Grizzlies","MEM","0","0",NA,NA,NA,NA,NA
"0021500455","370","6","1","4","7:50 PM","10:30","Chalmers P.FOUL (P2.T1) (J.Phillips)",NA,NA,NA,NA,"4","201596","Mario Chalmers","1610612763","Memphis","Grizzlies","MEM","5","1626156","D'Angelo Russell","1610612747","Los Angeles","Lakers","LAL","1","0",NA,NA,NA,NA,NA
"0021500455","371","2","5","4","7:50 PM","10:21",NA,NA,"MISS Clarkson 2' Layup",NA,NA,"5","203903","Jordan Clarkson","1610612747","Los Angeles","Lakers","LAL","0","0",NA,NA,NA,NA,NA,"0","0",NA,NA,NA,NA,NA
"0021500455","373","4","0","4","7:50 PM","10:19",NA,NA,"Bass REBOUND (Off:1 Def:0)",NA,NA,"5","101138","Brandon Bass","1610612747","Los Angeles","Lakers","LAL","0","0",NA,NA,NA,NA,NA,"0","0",NA,NA,NA,NA,NA
"0021500455","372","1","97","4","7:50 PM","10:19",NA,NA,"Bass 1' Tip Layup Shot (2 PTS)","76 - 97","21","5","101138","Brandon Bass","1610612747","Los Angeles","Lakers","LAL","0","0",NA,NA,NA,NA,NA,"0","0",NA,NA,NA,NA,NA
"0021500455","374","1","42","4","7:51 PM","10:05","Conley 1' Driving Layup (17 PTS)",NA,NA,"76 - 99","23","4","201144","Mike Conley","1610612763","Memphis","Grizzlies","MEM","0","0",NA,NA,NA,NA,NA,"0","0",NA,NA,NA,NA,NA
"0021500455","375","2","1","4","7:51 PM","9:46",NA,NA,"MISS Russell 26' 3PT Jump Shot",NA,NA,"5","1626156","D'Angelo Russell","1610612747","Los Angeles","Lakers","LAL","0","0",NA,NA,NA,NA,NA,"0","0",NA,NA,NA,NA,NA
"0021500455","376","4","0","4","7:51 PM","9:46","Conley REBOUND (Off:0 Def:4)",NA,NA,NA,NA,"4","201144","Mike Conley","1610612763","Memphis","Grizzlies","MEM","0","0",NA,NA,NA,NA,NA,"0","0",NA,NA,NA,NA,NA
"0021500455","377","1","1","4","7:51 PM","9:35","Randolph 21' Jump Shot (16 PTS) (Conley 5 AST)",NA,NA,"76 - 101","25","4","2216","Zach Randolph","1610612763","Memphis","Grizzlies","MEM","4","201144","Mike Conley","1610612763","Memphis","Grizzlies","MEM","0","0",NA,NA,NA,NA,NA
"0021500455","380","9","1","4","7:51 PM","9:33",NA,NA,"Lakers Timeout: Regular (Reg.4 Short 0)",NA,NA,"3","1610612747",NA,NA,NA,NA,NA,"0","0",NA,NA,NA,NA,NA,"0","0",NA,NA,NA,NA,NA
"0021500455","384","6","2","4","7:54 PM","9:17","Allen S.FOUL (P3.T2) (J.Phillips)",NA,NA,NA,NA,"4","2754","Tony Allen","1610612763","Memphis","Grizzlies","MEM","5","201156","Nick Young","1610612747","Los Angeles","Lakers","LAL","1","0",NA,NA,NA,NA,NA
"0021500455","385","3","11","4","7:54 PM","9:17",NA,NA,"Young Free Throw 1 of 2 (6 PTS)","77 - 101","24","5","201156","Nick Young","1610612747","Los Angeles","Lakers","LAL","0","0",NA,NA,NA,NA,NA,"0","0",NA,NA,NA,NA,NA
"0021500455","387","3","12","4","7:54 PM","9:17",NA,NA,"Young Free Throw 2 of 2 (7 PTS)","78 - 101","23","5","201156","Nick Young","1610612747","Los Angeles","Lakers","LAL","0","0",NA,NA,NA,NA,NA,"0","0",NA,NA,NA,NA,NA
"0021500455","389","1","98","4","7:55 PM","9:02","Allen 1' Cutting Layup Shot (4 PTS) (Green 1 AST)",NA,NA,"78 - 103","25","4","2754","Tony Allen","1610612763","Memphis","Grizzlies","MEM","4","203210","JaMychal Green","1610612763","Memphis","Grizzlies","MEM","0","0",NA,NA,NA,NA,NA
"0021500455","390","1","78","4","7:55 PM","8:40",NA,NA,"Clarkson 8' Floating Jump Shot (12 PTS) (Russell 3 AST)","80 - 103","23","5","203903","Jordan Clarkson","1610612747","Los Angeles","Lakers","LAL","5","1626156","D'Angelo Russell","1610612747","Los Angeles","Lakers","LAL","0","0",NA,NA,NA,NA,NA
"0021500455","391","2","1","4","7:56 PM","8:22","MISS Conley 24' 3PT Jump Shot",NA,NA,NA,NA,"4","201144","Mike Conley","1610612763","Memphis","Grizzlies","MEM","0","0",NA,NA,NA,NA,NA,"0","0",NA,NA,NA,NA,NA
"0021500455","392","4","0","4","7:56 PM","8:22",NA,NA,"Randle REBOUND (Off:2 Def:7)",NA,NA,"5","203944","Julius Randle","1610612747","Los Angeles","Lakers","LAL","0","0",NA,NA,NA,NA,NA,"0","0",NA,NA,NA,NA,NA
"0021500455","393","5","1","4","7:56 PM","8:14","Conley STEAL (3 STL)",NA,"Clarkson Bad Pass Turnover (P1.T11)",NA,NA,"5","203903","Jordan Clarkson","1610612747","Los Angeles","Lakers","LAL","4","201144","Mike Conley","1610612763","Memphis","Grizzlies","MEM","0","0",NA,NA,NA,NA,NA
"0021500455","394","6","9","4","7:56 PM","8:14",NA,NA,"Russell C.P.FOUL (P2.T2) (G.Zielinski)",NA,NA,"5","1626156","D'Angelo Russell","1610612747","Los Angeles","Lakers","LAL","4","201144","Mike Conley","1610612763","Memphis","Grizzlies","MEM","1","0",NA,NA,NA,NA,NA
"0021500455","395","18","0","4","7:56 PM","8:14",NA,NA,NA,NA,NA,NA,"394",NA,NA,NA,NA,NA,"0","0",NA,NA,NA,NA,NA,"1","0",NA,NA,NA,NA,NA
"0021500455","397","3","25","4","7:57 PM","8:14","Conley Free Throw Clear Path 1 of 2 (18 PTS)",NA,NA,"80 - 104","24","4","201144","Mike Conley","1610612763","Memphis","Grizzlies","MEM","0","0",NA,NA,NA,NA,NA,"0","0",NA,NA,NA,NA,NA
"0021500455","399","3","26","4","7:58 PM","8:14","Conley Free Throw Clear Path 2 of 2 (19 PTS)",NA,NA,"80 - 105","25","4","201144","Mike Conley","1610612763","Memphis","Grizzlies","MEM","0","0",NA,NA,NA,NA,NA,"0","0",NA,NA,NA,NA,NA
"0021500455","396","8","0","4","7:58 PM","8:14","SUB: Carter FOR Randolph",NA,NA,NA,NA,"4","2216","Zach Randolph","1610612763","Memphis","Grizzlies","MEM","4","1713","Vince Carter","1610612763","Memphis","Grizzlies","MEM","0","0",NA,NA,NA,NA,NA
"0021500455","401","2","1","4","7:58 PM","8:03","MISS Conley 16' Jump Shot",NA,NA,NA,NA,"4","201144","Mike Conley","1610612763","Memphis","Grizzlies","MEM","0","0",NA,NA,NA,NA,NA,"0","0",NA,NA,NA,NA,NA
"0021500455","402","4","0","4","7:58 PM","8:03",NA,NA,"Randle REBOUND (Off:2 Def:8)",NA,NA,"5","203944","Julius Randle","1610612747","Los Angeles","Lakers","LAL","0","0",NA,NA,NA,NA,NA,"0","0",NA,NA,NA,NA,NA
"0021500455","403","2","46","4","7:58 PM","7:55",NA,NA,"MISS Young 26' 3PT Running Jump Shot",NA,NA,"5","201156","Nick Young","1610612747","Los Angeles","Lakers","LAL","0","0",NA,NA,NA,NA,NA,"0","0",NA,NA,NA,NA,NA
"0021500455","404","4","0","4","7:58 PM","7:54","Green REBOUND (Off:0 Def:4)",NA,NA,NA,NA,"4","203210","JaMychal Green","1610612763","Memphis","Grizzlies","MEM","0","0",NA,NA,NA,NA,NA,"0","0",NA,NA,NA,NA,NA
"0021500455","405","2","1","4","7:59 PM","7:33","MISS Chalmers 25' 3PT Jump Shot",NA,NA,NA,NA,"4","201596","Mario Chalmers","1610612763","Memphis","Grizzlies","MEM","0","0",NA,NA,NA,NA,NA,"0","0",NA,NA,NA,NA,NA
"0021500455","406","4","0","4","7:59 PM","7:33",NA,NA,"Bass REBOUND (Off:1 Def:1)",NA,NA,"5","101138","Brandon Bass","1610612747","Los Angeles","Lakers","LAL","0","0",NA,NA,NA,NA,NA,"0","0",NA,NA,NA,NA,NA
"0021500455","407","6","1","4","7:59 PM","7:18","Green P.FOUL (P2.T3) (J.Phillips)",NA,NA,NA,NA,"4","203210","JaMychal Green","1610612763","Memphis","Grizzlies","MEM","5","101138","Brandon Bass","1610612747","Los Angeles","Lakers","LAL","1","0",NA,NA,NA,NA,NA
"0021500455","408","8","0","4","7:59 PM","7:18",NA,NA,"SUB: Brown FOR Russell",NA,NA,"5","1626156","D'Angelo Russell","1610612747","Los Angeles","Lakers","LAL","5","1626148","Anthony Brown","1610612747","Los Angeles","Lakers","LAL","0","0",NA,NA,NA,NA,NA
"0021500455","409","8","0","4","7:59 PM","7:18",NA,NA,"SUB: Huertas FOR Clarkson",NA,NA,"5","203903","Jordan Clarkson","1610612747","Los Angeles","Lakers","LAL","5","1626273","Marcelo Huertas","1610612747","Los Angeles","Lakers","LAL","0","0",NA,NA,NA,NA,NA
"0021500455","410","5","2","4","8:00 PM","7:08","Conley STEAL (4 STL)",NA,"Randle Lost Ball Turnover (P1.T12)",NA,NA,"5","203944","Julius Randle","1610612747","Los Angeles","Lakers","LAL","4","201144","Mike Conley","1610612763","Memphis","Grizzlies","MEM","0","0",NA,NA,NA,NA,NA
"0021500455","411","5","2","4","8:00 PM","6:58","Allen Lost Ball Turnover (P1.T6)",NA,"Bass STEAL (1 STL)",NA,NA,"4","2754","Tony Allen","1610612763","Memphis","Grizzlies","MEM","5","101138","Brandon Bass","1610612747","Los Angeles","Lakers","LAL","0","0",NA,NA,NA,NA,NA
"0021500455","413","8","0","4","8:00 PM","6:51","SUB: Smith FOR Conley",NA,NA,NA,NA,"4","201144","Mike Conley","1610612763","Memphis","Grizzlies","MEM","4","203893","Russ Smith","1610612763","Memphis","Grizzlies","MEM","0","0",NA,NA,NA,NA,NA
"0021500455","414","8","0","4","8:00 PM","6:51",NA,NA,"SUB: Sacre FOR Bass",NA,NA,"5","101138","Brandon Bass","1610612747","Los Angeles","Lakers","LAL","5","203135","Robert Sacre","1610612747","Los Angeles","Lakers","LAL","0","0",NA,NA,NA,NA,NA
"0021500455","415","8","0","4","8:00 PM","6:51",NA,NA,"SUB: Kelly FOR Young",NA,NA,"5","201156","Nick Young","1610612747","Los Angeles","Lakers","LAL","5","203527","Ryan Kelly","1610612747","Los Angeles","Lakers","LAL","0","0",NA,NA,NA,NA,NA
"0021500455","416","1","1","4","8:01 PM","6:37",NA,NA,"Randle 25' 3PT Jump Shot (6 PTS) (Huertas 1 AST)","83 - 105","22","5","203944","Julius Randle","1610612747","Los Angeles","Lakers","LAL","5","1626273","Marcelo Huertas","1610612747","Los Angeles","Lakers","LAL","0","0",NA,NA,NA,NA,NA
"0021500455","418","2","1","4","8:01 PM","6:16","MISS Allen 21' Jump Shot",NA,NA,NA,NA,"4","2754","Tony Allen","1610612763","Memphis","Grizzlies","MEM","0","0",NA,NA,NA,NA,NA,"0","0",NA,NA,NA,NA,NA
"0021500455","419","4","0","4","8:01 PM","6:16",NA,NA,"Lakers Rebound",NA,NA,"3","1610612747",NA,NA,NA,NA,NA,"0","0",NA,NA,NA,NA,NA,"0","0",NA,NA,NA,NA,NA
"0021500455","420","2","78","4","8:01 PM","6:05",NA,NA,"MISS Kelly 12' Floating Jump Shot",NA,NA,"5","203527","Ryan Kelly","1610612747","Los Angeles","Lakers","LAL","0","0",NA,NA,NA,NA,NA,"0","0",NA,NA,NA,NA,NA
"0021500455","421","4","0","4","8:01 PM","6:03",NA,NA,"Kelly REBOUND (Off:1 Def:0)",NA,NA,"5","203527","Ryan Kelly","1610612747","Los Angeles","Lakers","LAL","0","0",NA,NA,NA,NA,NA,"0","0",NA,NA,NA,NA,NA
"0021500455","423","2","1","4","8:02 PM","5:54",NA,NA,"MISS Kelly 24' 3PT Jump Shot",NA,NA,"5","203527","Ryan Kelly","1610612747","Los Angeles","Lakers","LAL","0","0",NA,NA,NA,NA,NA,"0","0",NA,NA,NA,NA,NA
"0021500455","424","4","0","4","8:02 PM","5:54","Smith REBOUND (Off:0 Def:1)",NA,NA,NA,NA,"4","203893","Russ Smith","1610612763","Memphis","Grizzlies","MEM","0","0",NA,NA,NA,NA,NA,"0","0",NA,NA,NA,NA,NA
"0021500455","426","6","2","4","8:02 PM","5:49",NA,NA,"Huertas S.FOUL (P1.T3) (D.Taylor)",NA,NA,"5","1626273","Marcelo Huertas","1610612747","Los Angeles","Lakers","LAL","4","203893","Russ Smith","1610612763","Memphis","Grizzlies","MEM","1","0",NA,NA,NA,NA,NA
"0021500455","427","9","1","4","8:02 PM","5:49",NA,NA,NA,NA,NA,"1","0",NA,NA,NA,NA,NA,"0","0",NA,NA,NA,NA,NA,"0","0",NA,NA,NA,NA,NA
"0021500455","429","8","0","4","8:04 PM","5:49","SUB: Martin FOR Allen",NA,NA,NA,NA,"4","2754","Tony Allen","1610612763","Memphis","Grizzlies","MEM","4","1626185","Jarell Martin","1610612763","Memphis","Grizzlies","MEM","0","0",NA,NA,NA,NA,NA
"0021500455","430","3","11","4","8:04 PM","5:49","MISS Smith Free Throw 1 of 2",NA,NA,NA,NA,"4","203893","Russ Smith","1610612763","Memphis","Grizzlies","MEM","0","0",NA,NA,NA,NA,NA,"0","0",NA,NA,NA,NA,NA
"0021500455","431","4","1","4","8:04 PM","5:49","GRIZZLIES Rebound",NA,NA,NA,NA,"2","1610612763",NA,NA,NA,NA,NA,"0","0",NA,NA,NA,NA,NA,"0","0",NA,NA,NA,NA,NA
"0021500455","432","3","12","4","8:05 PM","5:49","MISS Smith Free Throw 2 of 2",NA,NA,NA,NA,"4","203893","Russ Smith","1610612763","Memphis","Grizzlies","MEM","0","0",NA,NA,NA,NA,NA,"0","0",NA,NA,NA,NA,NA
"0021500455","434","4","0","4","8:05 PM","5:49",NA,NA,"Randle REBOUND (Off:2 Def:9)",NA,NA,"5","203944","Julius Randle","1610612747","Los Angeles","Lakers","LAL","0","0",NA,NA,NA,NA,NA,"0","0",NA,NA,NA,NA,NA
"0021500455","435","6","2","4","8:05 PM","5:37","Green S.FOUL (P3.T4) (J.Phillips)",NA,NA,NA,NA,"4","203210","JaMychal Green","1610612763","Memphis","Grizzlies","MEM","5","203944","Julius Randle","1610612747","Los Angeles","Lakers","LAL","1","0",NA,NA,NA,NA,NA
"0021500455","436","3","11","4","8:05 PM","5:37",NA,NA,"MISS Randle Free Throw 1 of 2",NA,NA,"5","203944","Julius Randle","1610612747","Los Angeles","Lakers","LAL","0","0",NA,NA,NA,NA,NA,"0","0",NA,NA,NA,NA,NA
"0021500455","437","4","1","4","8:05 PM","5:37",NA,NA,"Lakers Rebound",NA,NA,"3","1610612747",NA,NA,NA,NA,NA,"0","0",NA,NA,NA,NA,NA,"0","0",NA,NA,NA,NA,NA
"0021500455","438","3","12","4","8:05 PM","5:37",NA,NA,"Randle Free Throw 2 of 2 (7 PTS)","84 - 105","21","5","203944","Julius Randle","1610612747","Los Angeles","Lakers","LAL","0","0",NA,NA,NA,NA,NA,"0","0",NA,NA,NA,NA,NA
"0021500455","440","5","45","4","8:06 PM","5:22","Green Out of Bounds - Bad Pass Turnover Turnover (P1.T7)",NA,NA,NA,NA,"4","203210","JaMychal Green","1610612763","Memphis","Grizzlies","MEM","0","0",NA,NA,NA,NA,NA,"0","0",NA,NA,NA,NA,NA
"0021500455","441","5","11","4","8:06 PM","4:58",NA,NA,"Lakers Turnover: Shot Clock (T#13)",NA,NA,"3","1610612747",NA,NA,NA,NA,NA,"0","0",NA,NA,NA,NA,NA,"1","0",NA,NA,NA,NA,NA
"0021500455","442","2","1","4","8:07 PM","4:42","MISS Carter 26' 3PT Jump Shot",NA,NA,NA,NA,"4","1713","Vince Carter","1610612763","Memphis","Grizzlies","MEM","0","0",NA,NA,NA,NA,NA,"0","0",NA,NA,NA,NA,NA
"0021500455","443","4","0","4","8:07 PM","4:41",NA,NA,"Brown REBOUND (Off:0 Def:1)",NA,NA,"5","1626148","Anthony Brown","1610612747","Los Angeles","Lakers","LAL","0","0",NA,NA,NA,NA,NA,"0","0",NA,NA,NA,NA,NA
"0021500455","444","2","78","4","8:07 PM","4:29",NA,NA,"MISS Brown 6' Floating Jump Shot",NA,NA,"5","1626148","Anthony Brown","1610612747","Los Angeles","Lakers","LAL","0","0",NA,NA,NA,NA,NA,"0","0",NA,NA,NA,NA,NA
"0021500455","446","4","0","4","8:07 PM","4:26",NA,NA,"Brown REBOUND (Off:1 Def:1)",NA,NA,"5","1626148","Anthony Brown","1610612747","Los Angeles","Lakers","LAL","0","0",NA,NA,NA,NA,NA,"0","0",NA,NA,NA,NA,NA
"0021500455","445","2","78","4","8:07 PM","4:26",NA,NA,"MISS Brown 6' Floating Jump Shot",NA,NA,"5","1626148","Anthony Brown","1610612747","Los Angeles","Lakers","LAL","0","0",NA,NA,NA,NA,NA,"0","0",NA,NA,NA,NA,NA
"0021500455","447","4","0","4","8:07 PM","4:24","Chalmers REBOUND (Off:1 Def:4)",NA,NA,NA,NA,"4","201596","Mario Chalmers","1610612763","Memphis","Grizzlies","MEM","0","0",NA,NA,NA,NA,NA,"0","0",NA,NA,NA,NA,NA
"0021500455","448","5","1","4","8:07 PM","4:20","Chalmers Bad Pass Turnover (P2.T8)",NA,"Brown STEAL (1 STL)",NA,NA,"4","201596","Mario Chalmers","1610612763","Memphis","Grizzlies","MEM","5","1626148","Anthony Brown","1610612747","Los Angeles","Lakers","LAL","0","0",NA,NA,NA,NA,NA
"0021500455","449","1","1","4","8:07 PM","4:15",NA,NA,"Kelly 18' Jump Shot (2 PTS) (Brown 1 AST)","86 - 105","19","5","203527","Ryan Kelly","1610612747","Los Angeles","Lakers","LAL","5","1626148","Anthony Brown","1610612747","Los Angeles","Lakers","LAL","0","0",NA,NA,NA,NA,NA
"0021500455","450","2","1","4","8:08 PM","4:04","MISS Carter 24' 3PT Jump Shot",NA,NA,NA,NA,"4","1713","Vince Carter","1610612763","Memphis","Grizzlies","MEM","0","0",NA,NA,NA,NA,NA,"0","0",NA,NA,NA,NA,NA
"0021500455","451","4","0","4","8:08 PM","4:03","Green REBOUND (Off:1 Def:4)",NA,NA,NA,NA,"4","203210","JaMychal Green","1610612763","Memphis","Grizzlies","MEM","0","0",NA,NA,NA,NA,NA,"0","0",NA,NA,NA,NA,NA
"0021500455","452","6","2","4","8:08 PM","4:01",NA,NA,"Randle S.FOUL (P3.T4) (J.Phillips)",NA,NA,"5","203944","Julius Randle","1610612747","Los Angeles","Lakers","LAL","4","203210","JaMychal Green","1610612763","Memphis","Grizzlies","MEM","1","0",NA,NA,NA,NA,NA
"0021500455","453","3","11","4","8:08 PM","4:01","MISS Green Free Throw 1 of 2",NA,NA,NA,NA,"4","203210","JaMychal Green","1610612763","Memphis","Grizzlies","MEM","0","0",NA,NA,NA,NA,NA,"0","0",NA,NA,NA,NA,NA
"0021500455","454","4","1","4","8:08 PM","4:01","GRIZZLIES Rebound",NA,NA,NA,NA,"2","1610612763",NA,NA,NA,NA,NA,"0","0",NA,NA,NA,NA,NA,"0","0",NA,NA,NA,NA,NA
"0021500455","455","3","12","4","8:08 PM","4:01","MISS Green Free Throw 2 of 2",NA,NA,NA,NA,"4","203210","JaMychal Green","1610612763","Memphis","Grizzlies","MEM","0","0",NA,NA,NA,NA,NA,"0","0",NA,NA,NA,NA,NA
"0021500455","457","4","0","4","8:08 PM","4:00",NA,NA,"Randle REBOUND (Off:2 Def:10)",NA,NA,"5","203944","Julius Randle","1610612747","Los Angeles","Lakers","LAL","0","0",NA,NA,NA,NA,NA,"0","0",NA,NA,NA,NA,NA
"0021500455","458","2","78","4","8:09 PM","3:45",NA,NA,"MISS Huertas 5' Floating Jump Shot",NA,NA,"5","1626273","Marcelo Huertas","1610612747","Los Angeles","Lakers","LAL","0","0",NA,NA,NA,NA,NA,"0","0",NA,NA,NA,NA,NA
"0021500455","459","4","0","4","8:09 PM","3:45",NA,NA,"Sacre REBOUND (Off:1 Def:0)",NA,NA,"5","203135","Robert Sacre","1610612747","Los Angeles","Lakers","LAL","0","0",NA,NA,NA,NA,NA,"0","0",NA,NA,NA,NA,NA
"0021500455","460","6","2","4","8:09 PM","3:45","Carter S.FOUL (P2.PN) (J.Phillips)",NA,NA,NA,NA,"4","1713","Vince Carter","1610612763","Memphis","Grizzlies","MEM","5","203135","Robert Sacre","1610612747","Los Angeles","Lakers","LAL","1","0",NA,NA,NA,NA,NA
"0021500455","461","3","11","4","8:09 PM","3:45",NA,NA,"Sacre Free Throw 1 of 2 (1 PTS)","87 - 105","18","5","203135","Robert Sacre","1610612747","Los Angeles","Lakers","LAL","0","0",NA,NA,NA,NA,NA,"0","0",NA,NA,NA,NA,NA
"0021500455","463","3","12","4","8:09 PM","3:45",NA,NA,"MISS Sacre Free Throw 2 of 2",NA,NA,"5","203135","Robert Sacre","1610612747","Los Angeles","Lakers","LAL","0","0",NA,NA,NA,NA,NA,"0","0",NA,NA,NA,NA,NA
"0021500455","465","4","0","4","8:09 PM","3:43",NA,NA,"Sacre REBOUND (Off:2 Def:0)",NA,NA,"5","203135","Robert Sacre","1610612747","Los Angeles","Lakers","LAL","0","0",NA,NA,NA,NA,NA,"0","0",NA,NA,NA,NA,NA
"0021500455","466","2","1","4","8:09 PM","3:40","Smith BLOCK (1 BLK)",NA,"MISS Sacre 4' Jump Shot",NA,NA,"5","203135","Robert Sacre","1610612747","Los Angeles","Lakers","LAL","0","0",NA,NA,NA,NA,NA,"4","203893","Russ Smith","1610612763","Memphis","Grizzlies","MEM"
"0021500455","467","4","0","4","8:09 PM","3:39","Smith REBOUND (Off:0 Def:2)",NA,NA,NA,NA,"4","203893","Russ Smith","1610612763","Memphis","Grizzlies","MEM","0","0",NA,NA,NA,NA,NA,"0","0",NA,NA,NA,NA,NA
"0021500455","468","2","5","4","8:10 PM","3:34","MISS Martin 2' Layup",NA,"Sacre BLOCK (1 BLK)",NA,NA,"4","1626185","Jarell Martin","1610612763","Memphis","Grizzlies","MEM","0","0",NA,NA,NA,NA,NA,"5","203135","Robert Sacre","1610612747","Los Angeles","Lakers","LAL"
"0021500455","469","4","0","4","8:10 PM","3:33",NA,NA,"Huertas REBOUND (Off:0 Def:1)",NA,NA,"5","1626273","Marcelo Huertas","1610612747","Los Angeles","Lakers","LAL","0","0",NA,NA,NA,NA,NA,"0","0",NA,NA,NA,NA,NA
"0021500455","470","2","47","4","8:10 PM","3:22",NA,NA,"MISS Randle 9' Turnaround Jump Shot",NA,NA,"5","203944","Julius Randle","1610612747","Los Angeles","Lakers","LAL","0","0",NA,NA,NA,NA,NA,"0","0",NA,NA,NA,NA,NA
"0021500455","471","4","0","4","8:10 PM","3:20",NA,NA,"Randle REBOUND (Off:3 Def:10)",NA,NA,"5","203944","Julius Randle","1610612747","Los Angeles","Lakers","LAL","0","0",NA,NA,NA,NA,NA,"0","0",NA,NA,NA,NA,NA
"0021500455","473","7","2","4","8:10 PM","3:19","Green Violation:Defensive Goaltending (J.Phillips)",NA,NA,NA,NA,"4","203210","JaMychal Green","1610612763","Memphis","Grizzlies","MEM","0","0",NA,NA,NA,NA,NA,"1","0",NA,NA,NA,NA,NA
"0021500455","472","1","78","4","8:10 PM","3:19",NA,NA,"Randle 4' Floating Jump Shot (9 PTS)","89 - 105","16","5","203944","Julius Randle","1610612747","Los Angeles","Lakers","LAL","0","0",NA,NA,NA,NA,NA,"0","0",NA,NA,NA,NA,NA
"0021500455","475","9","1","4","8:10 PM","3:19","GRIZZLIES Timeout: Regular (Full 4 Short 0)",NA,NA,NA,NA,"2","1610612763",NA,NA,NA,NA,NA,"0","0",NA,NA,NA,NA,NA,"0","0",NA,NA,NA,NA,NA
"0021500455","477","1","80","4","8:13 PM","3:04","Green  3PT Step Back Jump Shot (7 PTS) (Carter 2 AST)",NA,NA,"89 - 108","19","4","203210","JaMychal Green","1610612763","Memphis","Grizzlies","MEM","4","1713","Vince Carter","1610612763","Memphis","Grizzlies","MEM","0","0",NA,NA,NA,NA,NA
"0021500455","478","5","2","4","8:13 PM","2:51","Smith STEAL (1 STL)",NA,"Kelly Lost Ball Turnover (P1.T14)",NA,NA,"5","203527","Ryan Kelly","1610612747","Los Angeles","Lakers","LAL","4","203893","Russ Smith","1610612763","Memphis","Grizzlies","MEM","0","0",NA,NA,NA,NA,NA
"0021500455","479","5","45","4","8:13 PM","2:44","Smith Out of Bounds - Bad Pass Turnover Turnover (P1.T9)",NA,NA,NA,NA,"4","203893","Russ Smith","1610612763","Memphis","Grizzlies","MEM","0","0",NA,NA,NA,NA,NA,"0","0",NA,NA,NA,NA,NA
"0021500455","480","2","78","4","8:13 PM","2:33",NA,NA,"MISS Huertas 12' Floating Jump Shot",NA,NA,"5","1626273","Marcelo Huertas","1610612747","Los Angeles","Lakers","LAL","0","0",NA,NA,NA,NA,NA,"0","0",NA,NA,NA,NA,NA
"0021500455","481","4","0","4","8:13 PM","2:32","Green REBOUND (Off:1 Def:5)",NA,NA,NA,NA,"4","203210","JaMychal Green","1610612763","Memphis","Grizzlies","MEM","0","0",NA,NA,NA,NA,NA,"0","0",NA,NA,NA,NA,NA
"0021500455","482","1","75","4","8:13 PM","2:21","Chalmers 2' Driving Finger Roll Layup (11 PTS)",NA,NA,"89 - 110","21","4","201596","Mario Chalmers","1610612763","Memphis","Grizzlies","MEM","0","0",NA,NA,NA,NA,NA,"0","0",NA,NA,NA,NA,NA
"0021500455","483","1","1","4","8:14 PM","2:02",NA,NA,"Kelly 25' 3PT Jump Shot (5 PTS) (Randle 1 AST)","92 - 110","18","5","203527","Ryan Kelly","1610612747","Los Angeles","Lakers","LAL","5","203944","Julius Randle","1610612747","Los Angeles","Lakers","LAL","0","0",NA,NA,NA,NA,NA
"0021500455","484","5","39","4","8:14 PM","1:50","Smith Step Out of Bounds Turnover (P2.T10)",NA,NA,NA,NA,"4","203893","Russ Smith","1610612763","Memphis","Grizzlies","MEM","0","0",NA,NA,NA,NA,NA,"1","0",NA,NA,NA,NA,NA
"0021500455","485","2","1","4","8:14 PM","1:39",NA,NA,"MISS Kelly  3PT Jump Shot",NA,NA,"5","203527","Ryan Kelly","1610612747","Los Angeles","Lakers","LAL","0","0",NA,NA,NA,NA,NA,"0","0",NA,NA,NA,NA,NA
"0021500455","486","4","0","4","8:14 PM","1:37","Green REBOUND (Off:1 Def:6)",NA,NA,NA,NA,"4","203210","JaMychal Green","1610612763","Memphis","Grizzlies","MEM","0","0",NA,NA,NA,NA,NA,"0","0",NA,NA,NA,NA,NA
"0021500455","487","2","80","4","8:15 PM","1:21","MISS Martin 16' Step Back Jump Shot",NA,NA,NA,NA,"4","1626185","Jarell Martin","1610612763","Memphis","Grizzlies","MEM","0","0",NA,NA,NA,NA,NA,"0","0",NA,NA,NA,NA,NA
"0021500455","488","4","0","4","8:15 PM","1:19",NA,NA,"Brown REBOUND (Off:1 Def:2)",NA,NA,"5","1626148","Anthony Brown","1610612747","Los Angeles","Lakers","LAL","0","0",NA,NA,NA,NA,NA,"0","0",NA,NA,NA,NA,NA
"0021500455","489","5","2","4","8:15 PM","1:17","Smith STEAL (2 STL)",NA,"Brown Lost Ball Turnover (P1.T15)",NA,NA,"5","1626148","Anthony Brown","1610612747","Los Angeles","Lakers","LAL","4","203893","Russ Smith","1610612763","Memphis","Grizzlies","MEM","0","0",NA,NA,NA,NA,NA
"0021500455","490","2","5","4","8:15 PM","1:15","MISS Smith 1' Layup",NA,NA,NA,NA,"4","203893","Russ Smith","1610612763","Memphis","Grizzlies","MEM","0","0",NA,NA,NA,NA,NA,"0","0",NA,NA,NA,NA,NA
"0021500455","491","4","0","4","8:15 PM","1:13",NA,NA,"Brown REBOUND (Off:1 Def:3)",NA,NA,"5","1626148","Anthony Brown","1610612747","Los Angeles","Lakers","LAL","0","0",NA,NA,NA,NA,NA,"0","0",NA,NA,NA,NA,NA
"0021500455","492","6","1","4","8:15 PM","1:13","Martin P.FOUL (P1.PN) (D.Taylor)",NA,NA,NA,NA,"4","1626185","Jarell Martin","1610612763","Memphis","Grizzlies","MEM","5","203944","Julius Randle","1610612747","Los Angeles","Lakers","LAL","1","0",NA,NA,NA,NA,NA
"0021500455","493","3","11","4","8:15 PM","1:13",NA,NA,"MISS Randle Free Throw 1 of 2",NA,NA,"5","203944","Julius Randle","1610612747","Los Angeles","Lakers","LAL","0","0",NA,NA,NA,NA,NA,"0","0",NA,NA,NA,NA,NA
"0021500455","494","4","1","4","8:15 PM","1:13",NA,NA,"Lakers Rebound",NA,NA,"3","1610612747",NA,NA,NA,NA,NA,"0","0",NA,NA,NA,NA,NA,"0","0",NA,NA,NA,NA,NA
"0021500455","495","3","12","4","8:15 PM","1:13",NA,NA,"MISS Randle Free Throw 2 of 2",NA,NA,"5","203944","Julius Randle","1610612747","Los Angeles","Lakers","LAL","0","0",NA,NA,NA,NA,NA,"0","0",NA,NA,NA,NA,NA
"0021500455","497","4","0","4","8:15 PM","1:12","Green REBOUND (Off:1 Def:7)",NA,NA,NA,NA,"4","203210","JaMychal Green","1610612763","Memphis","Grizzlies","MEM","0","0",NA,NA,NA,NA,NA,"0","0",NA,NA,NA,NA,NA
"0021500455","499","1","1","4","8:16 PM","0:45","Martin 22' Jump Shot (2 PTS)",NA,NA,"92 - 112","20","4","1626185","Jarell Martin","1610612763","Memphis","Grizzlies","MEM","0","0",NA,NA,NA,NA,NA,"0","0",NA,NA,NA,NA,NA
"0021500455","500","2","1","4","8:16 PM","0:41",NA,NA,"MISS Brown 5' Jump Shot",NA,NA,"5","1626148","Anthony Brown","1610612747","Los Angeles","Lakers","LAL","0","0",NA,NA,NA,NA,NA,"0","0",NA,NA,NA,NA,NA
"0021500455","501","4","0","4","8:16 PM","0:38",NA,NA,"Kelly REBOUND (Off:2 Def:0)",NA,NA,"5","203527","Ryan Kelly","1610612747","Los Angeles","Lakers","LAL","0","0",NA,NA,NA,NA,NA,"0","0",NA,NA,NA,NA,NA
"0021500455","502","2","1","4","8:16 PM","0:26",NA,NA,"MISS Brown 25' 3PT Jump Shot",NA,NA,"5","1626148","Anthony Brown","1610612747","Los Angeles","Lakers","LAL","0","0",NA,NA,NA,NA,NA,"0","0",NA,NA,NA,NA,NA
"0021500455","503","4","0","4","8:16 PM","0:25",NA,NA,"Kelly REBOUND (Off:3 Def:0)",NA,NA,"5","203527","Ryan Kelly","1610612747","Los Angeles","Lakers","LAL","0","0",NA,NA,NA,NA,NA,"0","0",NA,NA,NA,NA,NA
"0021500455","504","6","1","4","8:16 PM","0:24","Martin P.FOUL (P2.PN) (J.Phillips)",NA,NA,NA,NA,"4","1626185","Jarell Martin","1610612763","Memphis","Grizzlies","MEM","5","203527","Ryan Kelly","1610612747","Los Angeles","Lakers","LAL","1","0",NA,NA,NA,NA,NA
"0021500455","505","3","11","4","8:17 PM","0:24",NA,NA,"Kelly Free Throw 1 of 2 (6 PTS)","93 - 112","19","5","203527","Ryan Kelly","1610612747","Los Angeles","Lakers","LAL","0","0",NA,NA,NA,NA,NA,"0","0",NA,NA,NA,NA,NA
"0021500455","507","3","12","4","8:17 PM","0:24",NA,NA,"Kelly Free Throw 2 of 2 (7 PTS)","94 - 112","18","5","203527","Ryan Kelly","1610612747","Los Angeles","Lakers","LAL","0","0",NA,NA,NA,NA,NA,"0","0",NA,NA,NA,NA,NA
"0021500455","509","5","10","4","8:17 PM","0:16","GRIZZLIES Turnover: 8 Second Violation (T#11)",NA,NA,NA,NA,"2","1610612763",NA,NA,NA,NA,NA,"0","0",NA,NA,NA,NA,NA,"1","0",NA,NA,NA,NA,NA
"0021500455","510","6","2","4","8:17 PM","0:12","Chalmers S.FOUL (P3.PN) (J.Phillips)",NA,NA,NA,NA,"4","201596","Mario Chalmers","1610612763","Memphis","Grizzlies","MEM","5","1626148","Anthony Brown","1610612747","Los Angeles","Lakers","LAL","1","0",NA,NA,NA,NA,NA
"0021500455","511","3","11","4","8:18 PM","0:12",NA,NA,"Brown Free Throw 1 of 2 (1 PTS)","95 - 112","17","5","1626148","Anthony Brown","1610612747","Los Angeles","Lakers","LAL","0","0",NA,NA,NA,NA,NA,"0","0",NA,NA,NA,NA,NA
"0021500455","513","3","12","4","8:18 PM","0:12",NA,NA,"Brown Free Throw 2 of 2 (2 PTS)","96 - 112","16","5","1626148","Anthony Brown","1610612747","Los Angeles","Lakers","LAL","0","0",NA,NA,NA,NA,NA,"0","0",NA,NA,NA,NA,NA
"0021500455","516","13","0","4","8:18 PM","0:00",NA,NA,NA,"96 - 112","16","0","0",NA,NA,NA,NA,NA,"0","0",NA,NA,NA,NA,NA,"0","0",NA,NA,NA,NA,NA
